0.400,0.000,0.030
0.405,0.000,0.030
0.410,0.000,0.030
0.415,0.000,0.030
0.420,0.000,0.030
0.425,0.000,0.030
0.430,0.000,0.030
0.435,0.000,0.030
0.440,0.000,0.030
0.445,0.000,0.030
0.450,0.000,0.030
0.455,0.000,0.030
0.460,0.000,0.030
0.465,0.000,0.030
0.470,0.000,0.030
0.475,0.000,0.030
0.480,0.000,0.030
0.485,0.000,0.030
0.490,0.000,0.030
0.495,0.000,0.030
0.500,0.000,0.030
0.505,0.000,0.030
0.510,0.000,0.030
0.515,0.000,0.030
0.520,0.000,0.030
0.525,0.000,0.030
0.530,0.000,0.030
0.535,0.000,0.030
0.540,0.000,0.030
0.545,0.000,0.030
0.550,0.000,0.030
0.555,0.000,0.030
0.560,0.000,0.030
0.565,0.000,0.030
0.570,0.000,0.030
0.575,0.000,0.030
0.580,0.000,0.030
0.585,0.000,0.030
0.590,0.000,0.030
0.595,0.000,0.030
0.600,0.000,0.030
0.605,0.000,0.030
0.610,0.000,0.030
0.615,0.000,0.030
0.620,0.000,0.030
0.625,0.000,0.030
0.630,0.000,0.030
0.635,0.000,0.030
0.640,0.000,0.030
0.645,0.000,0.030
0.650,0.000,0.030
0.655,0.000,0.030
0.660,0.000,0.030
0.665,0.000,0.030
0.670,0.000,0.030
0.675,0.000,0.030
0.680,0.000,0.030
0.685,0.000,0.030
0.690,0.000,0.030
0.695,0.000,0.030
0.700,0.000,0.030
0.705,0.000,0.030
0.710,0.000,0.030
0.715,0.000,0.030
0.720,0.000,0.030
0.725,0.000,0.030
0.730,0.000,0.030
0.735,0.000,0.030
0.740,0.000,0.030
0.745,0.000,0.030
0.750,0.000,0.030
0.755,0.000,0.030
0.760,0.000,0.030
0.765,0.000,0.030
0.770,0.000,0.030
0.775,0.000,0.030
0.780,0.000,0.030
0.785,0.000,0.030
0.790,0.000,0.030
0.795,0.000,0.030
0.800,0.000,0.030
0.805,0.000,0.030
0.810,0.000,0.030
0.815,0.000,0.030
0.820,0.000,0.030
0.825,0.000,0.030
0.830,0.000,0.030
0.835,0.000,0.030
0.840,0.001,0.030
0.845,0.001,0.030
0.850,0.001,0.030
0.855,0.002,0.030
0.860,0.003,0.030
0.865,0.004,0.030
0.870,0.005,0.030
0.875,0.006,0.030
0.880,0.008,0.030
0.885,0.011,0.030
0.890,0.014,0.030
0.895,0.018,0.030
0.900,0.023,0.030
0.905,0.029,0.030
0.910,0.036,0.030
0.915,0.044,0.030
0.920,0.054,0.030
0.925,0.066,0.030
0.930,0.080,0.030
0.935,0.095,0.030
0.940,0.112,0.030
0.945,0.132,0.030
0.950,0.154,0.030
0.955,0.178,0.030
0.960,0.204,0.030
0.965,0.232,0.030
0.970,0.262,0.030
0.975,0.294,0.030
0.980,0.327,0.030
0.985,0.361,0.030
0.990,0.396,0.030
0.995,0.432,0.030
1.000,0.468,0.030
1.005,0.504,0.030
1.010,0.539,0.030
1.015,0.573,0.030
1.020,0.606,0.030
1.025,0.638,0.030
1.030,0.668,0.030
1.035,0.696,0.030
1.040,0.722,0.030
1.045,0.746,0.030
1.050,0.768,0.030
1.055,0.788,0.030
1.060,0.805,0.030
1.065,0.820,0.030
1.070,0.834,0.030
1.075,0.846,0.030
1.080,0.856,0.030
1.085,0.864,0.030
1.090,0.871,0.030
1.095,0.877,0.030
1.100,0.882,0.030
1.105,0.886,0.030
1.110,0.889,0.030
1.115,0.892,0.030
1.120,0.894,0.030
1.125,0.895,0.030
1.130,0.896,0.030
1.135,0.897,0.030
1.140,0.898,0.030
1.145,0.899,0.030
1.150,0.899,0.030
1.155,0.899,0.030
1.160,0.899,0.030
1.165,0.900,0.030
1.170,0.900,0.030
1.175,0.900,0.030
1.180,0.900,0.030
1.185,0.900,0.030
1.190,0.900,0.030
1.195,0.900,0.030
1.200,0.900,0.030
1.205,0.900,0.030
1.210,0.900,0.030
1.215,0.900,0.030
1.220,0.900,0.030
1.225,0.900,0.030
1.230,0.900,0.030
1.235,0.900,0.030
1.240,0.900,0.030
1.245,0.900,0.030
1.250,0.900,0.030
1.255,0.900,0.030
1.260,0.900,0.030
1.265,0.900,0.030
1.270,0.900,0.030
1.275,0.900,0.030
1.280,0.900,0.030
1.285,0.900,0.030
1.290,0.900,0.030
1.295,0.900,0.030
1.300,0.900,0.030
1.305,0.900,0.030
1.310,0.900,0.030
1.315,0.900,0.030
1.320,0.900,0.030
1.325,0.900,0.030
1.330,0.900,0.030
1.335,0.900,0.030
1.340,0.900,0.030
1.345,0.900,0.030
1.350,0.900,0.030
1.355,0.900,0.030
1.360,0.900,0.030
1.365,0.900,0.030
1.370,0.900,0.030
1.375,0.900,0.030
1.380,0.900,0.030
1.385,0.900,0.030
1.390,0.900,0.030
1.395,0.900,0.030
1.400,0.900,0.030
1.405,0.900,0.030
1.410,0.900,0.030
1.415,0.900,0.030
1.420,0.900,0.030
1.425,0.900,0.030
1.430,0.900,0.030
1.435,0.900,0.030
1.440,0.900,0.030
1.445,0.900,0.030
1.450,0.900,0.030
1.455,0.900,0.030
1.460,0.900,0.030
1.465,0.900,0.030
1.470,0.900,0.030
1.475,0.900,0.030
1.480,0.900,0.030
1.485,0.900,0.030
1.490,0.900,0.030
1.495,0.900,0.030
1.500,0.900,0.030
1.505,0.900,0.030
1.510,0.900,0.030
1.515,0.900,0.030
1.520,0.900,0.030
1.525,0.900,0.030
1.530,0.900,0.030
1.535,0.900,0.030
1.540,0.900,0.030
1.545,0.900,0.030
1.550,0.900,0.030
1.555,0.900,0.030
1.560,0.900,0.030
1.565,0.900,0.030
1.570,0.900,0.030
1.575,0.900,0.030
1.580,0.900,0.030
1.585,0.900,0.030
1.590,0.900,0.030
1.595,0.900,0.030
1.600,0.900,0.030
1.605,0.900,0.030
1.610,0.900,0.030
1.615,0.900,0.030
1.620,0.900,0.030
1.625,0.900,0.030
1.630,0.900,0.030
1.635,0.900,0.030
1.640,0.900,0.030
1.645,0.900,0.030
1.650,0.900,0.030
1.655,0.900,0.030
1.660,0.900,0.030
1.665,0.900,0.030
1.670,0.900,0.030
1.675,0.900,0.030
1.680,0.900,0.030
1.685,0.900,0.030
1.690,0.900,0.030
1.695,0.900,0.030
1.700,0.900,0.030
1.705,0.900,0.030
1.710,0.900,0.030
1.715,0.900,0.030
1.720,0.900,0.030
1.725,0.900,0.030
1.730,0.900,0.030
1.735,0.900,0.030
1.740,0.900,0.030
1.745,0.900,0.030
1.750,0.900,0.030
1.755,0.900,0.030
1.760,0.900,0.030
1.765,0.900,0.030
1.770,0.900,0.030
1.775,0.900,0.030
1.780,0.900,0.030
1.785,0.900,0.030
1.790,0.900,0.030
1.795,0.900,0.030
1.800,0.900,0.030
1.805,0.900,0.030
1.810,0.900,0.030
1.815,0.900,0.030
1.820,0.900,0.030
1.825,0.900,0.030
1.830,0.900,0.030
1.835,0.900,0.030
1.840,0.900,0.030
1.845,0.900,0.030
1.850,0.900,0.030
1.855,0.900,0.030
1.860,0.900,0.030
1.865,0.900,0.030
1.870,0.900,0.030
1.875,0.900,0.030
1.880,0.900,0.030
1.885,0.900,0.030
1.890,0.900,0.030
1.895,0.900,0.030
1.900,0.900,0.030
1.905,0.900,0.030
1.910,0.900,0.030
1.915,0.900,0.030
1.920,0.900,0.030
1.925,0.900,0.030
1.930,0.900,0.030
1.935,0.900,0.030
1.940,0.900,0.030
1.945,0.900,0.030
1.950,0.900,0.030
1.955,0.900,0.030
1.960,0.900,0.030
1.965,0.900,0.030
1.970,0.900,0.030
1.975,0.900,0.030
1.980,0.900,0.030
1.985,0.900,0.030
1.990,0.900,0.030
1.995,0.900,0.030
2.000,0.900,0.030
2.005,0.900,0.030
2.010,0.900,0.030
2.015,0.900,0.030
2.020,0.900,0.030
2.025,0.900,0.030
2.030,0.900,0.030
2.035,0.900,0.030
2.040,0.900,0.030
2.045,0.900,0.030
2.050,0.900,0.030
2.055,0.900,0.030
2.060,0.900,0.030
2.065,0.900,0.030
2.070,0.900,0.030
2.075,0.900,0.030
2.080,0.900,0.030
2.085,0.900,0.030
2.090,0.900,0.030
2.095,0.900,0.030
2.100,0.900,0.030
2.105,0.900,0.030
2.110,0.900,0.030
2.115,0.900,0.030
2.120,0.900,0.030
2.125,0.900,0.030
2.130,0.900,0.030
2.135,0.900,0.030
2.140,0.900,0.030
2.145,0.900,0.030
2.150,0.900,0.030
2.155,0.900,0.030
2.160,0.900,0.030
2.165,0.900,0.030
2.170,0.900,0.030
2.175,0.900,0.030
2.180,0.900,0.030
2.185,0.900,0.030
2.190,0.900,0.030
2.195,0.900,0.030
2.200,0.900,0.030
2.205,0.900,0.030
2.210,0.900,0.030
2.215,0.900,0.030
2.220,0.900,0.030
2.225,0.900,0.030
2.230,0.900,0.030
2.235,0.900,0.030
2.240,0.900,0.030
2.245,0.900,0.030
2.250,0.900,0.030
2.255,0.900,0.030
2.260,0.900,0.030
2.265,0.900,0.030
2.270,0.900,0.030
2.275,0.900,0.030
2.280,0.900,0.030
2.285,0.900,0.030
2.290,0.900,0.030
2.295,0.900,0.030
2.300,0.900,0.030
2.305,0.900,0.030
2.310,0.900,0.030
2.315,0.900,0.030
2.320,0.900,0.030
2.325,0.900,0.030
2.330,0.900,0.030
2.335,0.900,0.030
2.340,0.900,0.030
2.345,0.900,0.030
2.350,0.900,0.030
2.355,0.900,0.030
2.360,0.900,0.030
2.365,0.900,0.030
2.370,0.900,0.030
2.375,0.900,0.030
2.380,0.900,0.030
2.385,0.900,0.030
2.390,0.900,0.030
2.395,0.900,0.030
2.400,0.900,0.030
2.405,0.900,0.030
2.410,0.900,0.030
2.415,0.900,0.030
2.420,0.900,0.030
2.425,0.900,0.030
2.430,0.900,0.030
2.435,0.900,0.030
2.440,0.900,0.030
2.445,0.900,0.030
2.450,0.900,0.030
2.455,0.900,0.030
2.460,0.900,0.030
2.465,0.900,0.030
2.470,0.900,0.030
2.475,0.900,0.030
2.480,0.900,0.030
2.485,0.900,0.030
2.490,0.900,0.030
2.495,0.900,0.030
2.500,0.900,0.030
2.505,0.900,0.030
2.510,0.900,0.030
2.515,0.900,0.030
2.520,0.900,0.030
2.525,0.900,0.030
2.530,0.900,0.030
2.535,0.900,0.030
2.540,0.900,0.030
2.545,0.900,0.030
2.550,0.900,0.030
2.555,0.900,0.030
2.560,0.900,0.030
2.565,0.900,0.030
2.570,0.900,0.030
2.575,0.900,0.030
2.580,0.900,0.030
2.585,0.900,0.030
2.590,0.900,0.030
2.595,0.900,0.030
2.600,0.900,0.030
2.605,0.900,0.030
2.610,0.900,0.030
2.615,0.900,0.030
2.620,0.900,0.030
2.625,0.900,0.030
2.630,0.900,0.030
2.635,0.900,0.030
2.640,0.900,0.030
2.645,0.900,0.030
2.650,0.900,0.030
2.655,0.900,0.030
2.660,0.900,0.030
2.665,0.900,0.030
2.670,0.900,0.030
2.675,0.900,0.030
2.680,0.900,0.030
2.685,0.900,0.030
2.690,0.900,0.030
2.695,0.900,0.030
2.700,0.900,0.030
2.705,0.900,0.030
2.710,0.900,0.030
2.715,0.900,0.030
2.720,0.900,0.030
2.725,0.900,0.030
2.730,0.900,0.030
2.735,0.900,0.030
2.740,0.900,0.030
2.745,0.900,0.030
2.750,0.900,0.030
2.755,0.900,0.030
2.760,0.900,0.030
2.765,0.900,0.030
2.770,0.900,0.030
2.775,0.900,0.030
2.780,0.900,0.030
2.785,0.900,0.030
2.790,0.900,0.030
2.795,0.900,0.030
2.800,0.900,0.030
2.805,0.900,0.030
2.810,0.900,0.030
2.815,0.900,0.030
2.820,0.900,0.030
2.825,0.900,0.030
2.830,0.900,0.030
2.835,0.900,0.030
2.840,0.900,0.030
2.845,0.900,0.030
2.850,0.900,0.030
2.855,0.900,0.030
2.860,0.900,0.030
2.865,0.900,0.030
2.870,0.900,0.030
2.875,0.900,0.030
2.880,0.900,0.030
2.885,0.900,0.030
2.890,0.900,0.030
2.895,0.900,0.030
2.900,0.900,0.030
2.905,0.900,0.030
2.910,0.900,0.030
2.915,0.900,0.030
2.920,0.900,0.030
2.925,0.900,0.030
2.930,0.900,0.030
2.935,0.900,0.030
2.940,0.900,0.030
2.945,0.900,0.030
2.950,0.900,0.030
2.955,0.900,0.030
2.960,0.900,0.030
2.965,0.900,0.030
2.970,0.900,0.030
2.975,0.900,0.030
2.980,0.900,0.030
2.985,0.900,0.030
2.990,0.900,0.030
2.995,0.900,0.030
3.000,0.900,0.030
3.005,0.900,0.030
3.010,0.900,0.030
3.015,0.900,0.030
3.020,0.900,0.030
3.025,0.900,0.030
3.030,0.900,0.030
3.035,0.900,0.030
3.040,0.900,0.030
3.045,0.900,0.030
3.050,0.900,0.030
3.055,0.900,0.030
3.060,0.900,0.030
3.065,0.900,0.030
3.070,0.900,0.030
3.075,0.900,0.030
3.080,0.900,0.030
3.085,0.900,0.030
3.090,0.900,0.030
3.095,0.900,0.030
3.100,0.900,0.030
3.105,0.900,0.030
3.110,0.900,0.030
3.115,0.900,0.030
3.120,0.900,0.030
3.125,0.900,0.030
3.130,0.900,0.030
3.135,0.900,0.030
3.140,0.900,0.030
3.145,0.900,0.030
3.150,0.900,0.030
3.155,0.900,0.030
3.160,0.900,0.030
3.165,0.900,0.030
3.170,0.900,0.030
3.175,0.900,0.030
3.180,0.900,0.030
3.185,0.900,0.030
3.190,0.900,0.030
3.195,0.900,0.030
3.200,0.900,0.030
3.205,0.900,0.030
3.210,0.900,0.030
3.215,0.900,0.030
3.220,0.900,0.030
3.225,0.900,0.030
3.230,0.900,0.030
3.235,0.900,0.030
3.240,0.900,0.030
3.245,0.900,0.030
3.250,0.900,0.030
3.255,0.900,0.030
3.260,0.900,0.030
3.265,0.900,0.030
3.270,0.900,0.030
3.275,0.900,0.030
3.280,0.900,0.030
3.285,0.900,0.030
3.290,0.900,0.030
3.295,0.900,0.030
3.300,0.900,0.030
3.305,0.900,0.030
3.310,0.900,0.030
3.315,0.900,0.030
3.320,0.900,0.030
3.325,0.900,0.030
3.330,0.900,0.030
3.335,0.900,0.030
3.340,0.900,0.030
3.345,0.900,0.030
3.350,0.900,0.030
3.355,0.900,0.030
3.360,0.900,0.030
3.365,0.900,0.030
3.370,0.900,0.030
3.375,0.900,0.030
3.380,0.900,0.030
3.385,0.900,0.030
3.390,0.900,0.030
3.395,0.900,0.030
3.400,0.900,0.030
3.405,0.900,0.030
3.410,0.900,0.030
3.415,0.900,0.030
3.420,0.900,0.030
3.425,0.900,0.030
3.430,0.900,0.030
3.435,0.900,0.030
3.440,0.900,0.030
3.445,0.900,0.030
3.450,0.900,0.030
3.455,0.900,0.030
3.460,0.900,0.030
3.465,0.900,0.030
3.470,0.900,0.030
3.475,0.900,0.030
3.480,0.900,0.030
3.485,0.900,0.030
3.490,0.900,0.030
3.495,0.900,0.030
3.500,0.900,0.030
3.505,0.900,0.030
3.510,0.900,0.030
3.515,0.900,0.030
3.520,0.900,0.030
3.525,0.900,0.030
3.530,0.900,0.030
3.535,0.900,0.030
3.540,0.900,0.030
3.545,0.900,0.030
3.550,0.900,0.030
3.555,0.900,0.030
3.560,0.900,0.030
3.565,0.900,0.030
3.570,0.900,0.030
3.575,0.900,0.030
3.580,0.900,0.030
3.585,0.900,0.030
3.590,0.900,0.030
3.595,0.900,0.030
3.600,0.900,0.030
3.605,0.900,0.030
3.610,0.900,0.030
3.615,0.900,0.030
3.620,0.900,0.030
3.625,0.900,0.030
3.630,0.900,0.030
3.635,0.900,0.030
3.640,0.900,0.030
3.645,0.900,0.030
3.650,0.900,0.030
3.655,0.900,0.030
3.660,0.900,0.030
3.665,0.900,0.030
3.670,0.900,0.030
3.675,0.900,0.030
3.680,0.900,0.030
3.685,0.900,0.030
3.690,0.900,0.030
3.695,0.900,0.030
3.700,0.900,0.030
3.705,0.900,0.030
3.710,0.900,0.030
3.715,0.900,0.030
3.720,0.900,0.030
3.725,0.900,0.030
3.730,0.900,0.030
3.735,0.900,0.030
3.740,0.900,0.030
3.745,0.900,0.030
3.750,0.900,0.030
3.755,0.900,0.030
3.760,0.900,0.030
3.765,0.900,0.030
3.770,0.900,0.030
3.775,0.900,0.030
3.780,0.900,0.030
3.785,0.900,0.030
3.790,0.900,0.030
3.795,0.900,0.030
3.800,0.900,0.030
3.805,0.900,0.030
3.810,0.900,0.030
3.815,0.900,0.030
3.820,0.900,0.030
3.825,0.900,0.030
3.830,0.900,0.030
3.835,0.900,0.030
3.840,0.900,0.030
3.845,0.900,0.030
3.850,0.900,0.030
3.855,0.900,0.030
3.860,0.900,0.030
3.865,0.900,0.030
3.870,0.900,0.030
3.875,0.900,0.030
3.880,0.900,0.030
3.885,0.900,0.030
3.890,0.900,0.030
3.895,0.900,0.030
3.900,0.900,0.030
3.905,0.900,0.030
3.910,0.900,0.030
3.915,0.900,0.030
3.920,0.900,0.030
3.925,0.900,0.030
3.930,0.900,0.030
3.935,0.900,0.030
3.940,0.900,0.030
3.945,0.900,0.030
3.950,0.900,0.030
3.955,0.900,0.030
3.960,0.900,0.030
3.965,0.900,0.030
3.970,0.900,0.030
3.975,0.900,0.030
3.980,0.900,0.030
3.985,0.900,0.030
3.990,0.900,0.030
3.995,0.900,0.030
4.000,0.900,0.030
4.005,0.900,0.030
4.010,0.900,0.030
4.015,0.900,0.030
4.020,0.900,0.030
4.025,0.900,0.030
4.030,0.900,0.030
4.035,0.900,0.030
4.040,0.900,0.030
4.045,0.900,0.030
4.050,0.900,0.030
4.055,0.900,0.030
4.060,0.900,0.030
4.065,0.900,0.030
4.070,0.900,0.030
4.075,0.900,0.030
4.080,0.900,0.030
4.085,0.900,0.030
4.090,0.900,0.030
4.095,0.900,0.030
4.100,0.900,0.030
4.105,0.900,0.030
4.110,0.900,0.030
4.115,0.900,0.030
4.120,0.900,0.030
4.125,0.900,0.030
4.130,0.900,0.030
4.135,0.900,0.030
4.140,0.900,0.030
4.145,0.900,0.030
4.150,0.900,0.030
4.155,0.900,0.030
4.160,0.900,0.030
4.165,0.900,0.030
4.170,0.900,0.030
4.175,0.900,0.030
4.180,0.900,0.030
4.185,0.900,0.030
4.190,0.900,0.030
4.195,0.900,0.030
4.200,0.900,0.030
4.205,0.900,0.030
4.210,0.900,0.030
4.215,0.900,0.030
4.220,0.900,0.030
4.225,0.900,0.030
4.230,0.900,0.030
4.235,0.900,0.030
4.240,0.900,0.030
4.245,0.900,0.030
4.250,0.900,0.030
4.255,0.900,0.030
4.260,0.900,0.030
4.265,0.900,0.030
4.270,0.900,0.030
4.275,0.900,0.030
4.280,0.900,0.030
4.285,0.900,0.030
4.290,0.900,0.030
4.295,0.900,0.030
4.300,0.900,0.030
4.305,0.900,0.030
4.310,0.900,0.030
4.315,0.900,0.030
4.320,0.900,0.030
4.325,0.900,0.030
4.330,0.900,0.030
4.335,0.900,0.030
4.340,0.900,0.030
4.345,0.900,0.030
4.350,0.900,0.030
4.355,0.900,0.030
4.360,0.900,0.030
4.365,0.900,0.030
4.370,0.900,0.030
4.375,0.900,0.030
4.380,0.900,0.030
4.385,0.900,0.030
4.390,0.900,0.030
4.395,0.900,0.030
4.400,0.900,0.030
4.405,0.900,0.030
4.410,0.900,0.030
4.415,0.900,0.030
4.420,0.900,0.030
4.425,0.900,0.030
4.430,0.900,0.030
4.435,0.900,0.030
4.440,0.900,0.030
4.445,0.900,0.030
4.450,0.900,0.030
4.455,0.900,0.030
4.460,0.900,0.030
4.465,0.900,0.030
4.470,0.900,0.030
4.475,0.900,0.030
4.480,0.900,0.030
4.485,0.900,0.030
4.490,0.900,0.030
4.495,0.900,0.030
4.500,0.900,0.030
4.505,0.900,0.030
4.510,0.900,0.030
4.515,0.900,0.030
4.520,0.900,0.030
4.525,0.900,0.030
4.530,0.900,0.030
4.535,0.900,0.030
4.540,0.900,0.030
4.545,0.900,0.030
4.550,0.900,0.030
4.555,0.900,0.030
4.560,0.900,0.030
4.565,0.900,0.030
4.570,0.900,0.030
4.575,0.900,0.030
4.580,0.900,0.030
4.585,0.900,0.030
4.590,0.900,0.030
4.595,0.900,0.030
4.600,0.900,0.030
4.605,0.900,0.030
4.610,0.900,0.030
4.615,0.900,0.030
4.620,0.900,0.030
4.625,0.900,0.030
4.630,0.900,0.030
4.635,0.900,0.030
4.640,0.900,0.030
4.645,0.900,0.030
4.650,0.900,0.030
4.655,0.900,0.030
4.660,0.900,0.030
4.665,0.900,0.030
4.670,0.900,0.030
4.675,0.900,0.030
4.680,0.900,0.030
4.685,0.900,0.030
4.690,0.900,0.030
4.695,0.900,0.030
4.700,0.900,0.030
4.705,0.900,0.030
4.710,0.900,0.030
4.715,0.900,0.030
4.720,0.900,0.030
4.725,0.900,0.030
4.730,0.900,0.030
4.735,0.900,0.030
4.740,0.900,0.030
4.745,0.900,0.030
4.750,0.900,0.030
4.755,0.900,0.030
4.760,0.900,0.030
4.765,0.900,0.030
4.770,0.900,0.030
4.775,0.900,0.030
4.780,0.900,0.030
4.785,0.900,0.030
4.790,0.900,0.030
4.795,0.900,0.030
4.800,0.900,0.030
4.805,0.900,0.030
4.810,0.900,0.030
4.815,0.900,0.030
4.820,0.900,0.030
4.825,0.900,0.030
4.830,0.900,0.030
4.835,0.900,0.030
4.840,0.900,0.030
4.845,0.900,0.030
4.850,0.900,0.030
4.855,0.900,0.030
4.860,0.900,0.030
4.865,0.900,0.030
4.870,0.900,0.030
4.875,0.900,0.030
4.880,0.900,0.030
4.885,0.900,0.030
4.890,0.900,0.030
4.895,0.900,0.030
4.900,0.900,0.030
4.905,0.900,0.030
4.910,0.900,0.030
4.915,0.900,0.030
4.920,0.900,0.030
4.925,0.900,0.030
4.930,0.900,0.030
4.935,0.900,0.030
4.940,0.900,0.030
4.945,0.900,0.030
4.950,0.900,0.030
4.955,0.900,0.030
4.960,0.900,0.030
4.965,0.900,0.030
4.970,0.900,0.030
4.975,0.900,0.030
4.980,0.900,0.030
4.985,0.900,0.030
4.990,0.900,0.030
4.995,0.900,0.030
5.000,0.900,0.030
5.005,0.900,0.030
5.010,0.900,0.030
5.015,0.900,0.030
5.020,0.900,0.030
5.025,0.900,0.030
5.030,0.900,0.030
5.035,0.900,0.030
5.040,0.900,0.030
5.045,0.900,0.030
5.050,0.900,0.030
5.055,0.900,0.030
5.060,0.900,0.030
5.065,0.900,0.030
5.070,0.900,0.030
5.075,0.900,0.030
5.080,0.900,0.030
5.085,0.900,0.030
5.090,0.900,0.030
5.095,0.900,0.030
5.100,0.900,0.030
5.105,0.900,0.030
5.110,0.900,0.030
5.115,0.900,0.030
5.120,0.900,0.030
5.125,0.900,0.030
5.130,0.900,0.030
5.135,0.900,0.030
5.140,0.900,0.030
5.145,0.900,0.030
5.150,0.900,0.030
5.155,0.900,0.030
5.160,0.900,0.030
5.165,0.900,0.030
5.170,0.900,0.030
5.175,0.900,0.030
5.180,0.900,0.030
5.185,0.900,0.030
5.190,0.900,0.030
5.195,0.900,0.030
5.200,0.900,0.030
5.205,0.900,0.030
5.210,0.900,0.030
5.215,0.900,0.030
5.220,0.900,0.030
5.225,0.900,0.030
5.230,0.900,0.030
5.235,0.900,0.030
5.240,0.900,0.030
5.245,0.900,0.030
5.250,0.900,0.030
5.255,0.900,0.030
5.260,0.900,0.030
5.265,0.900,0.030
5.270,0.900,0.030
5.275,0.900,0.030
5.280,0.900,0.030
5.285,0.900,0.030
5.290,0.900,0.030
5.295,0.900,0.030
5.300,0.900,0.030
5.305,0.900,0.030
5.310,0.900,0.030
5.315,0.900,0.030
5.320,0.900,0.030
5.325,0.900,0.030
5.330,0.900,0.030
5.335,0.900,0.030
5.340,0.900,0.030
5.345,0.900,0.030
5.350,0.900,0.030
5.355,0.900,0.030
5.360,0.900,0.030
5.365,0.900,0.030
5.370,0.900,0.030
5.375,0.900,0.030
5.380,0.900,0.030
5.385,0.900,0.030
5.390,0.900,0.030
5.395,0.900,0.030
5.400,0.900,0.030
5.405,0.900,0.030
5.410,0.900,0.030
5.415,0.900,0.030
5.420,0.900,0.030
5.425,0.900,0.030
5.430,0.900,0.030
5.435,0.900,0.030
5.440,0.900,0.030
5.445,0.900,0.030
5.450,0.900,0.030
5.455,0.900,0.030
5.460,0.900,0.030
5.465,0.900,0.030
5.470,0.900,0.030
5.475,0.900,0.030
5.480,0.900,0.030
5.485,0.900,0.030
5.490,0.900,0.030
5.495,0.900,0.030
5.500,0.900,0.030
5.505,0.900,0.030
5.510,0.900,0.030
5.515,0.900,0.030
5.520,0.900,0.030
5.525,0.900,0.030
5.530,0.900,0.030
5.535,0.900,0.030
5.540,0.900,0.030
5.545,0.900,0.030
5.550,0.900,0.030
5.555,0.900,0.030
5.560,0.900,0.030
5.565,0.900,0.030
5.570,0.900,0.030
5.575,0.900,0.030
5.580,0.900,0.030
5.585,0.900,0.030
5.590,0.900,0.030
5.595,0.900,0.030
5.600,0.900,0.030
5.605,0.900,0.030
5.610,0.900,0.030
5.615,0.900,0.030
5.620,0.900,0.030
5.625,0.900,0.030
5.630,0.900,0.030
5.635,0.900,0.030
5.640,0.900,0.030
5.645,0.900,0.030
5.650,0.900,0.030
5.655,0.900,0.030
5.660,0.900,0.030
5.665,0.900,0.030
5.670,0.900,0.030
5.675,0.900,0.030
5.680,0.900,0.030
5.685,0.900,0.030
5.690,0.900,0.030
5.695,0.900,0.030
5.700,0.900,0.030
5.705,0.900,0.030
5.710,0.900,0.030
5.715,0.900,0.030
5.720,0.900,0.030
5.725,0.900,0.030
5.730,0.900,0.030
5.735,0.900,0.030
5.740,0.900,0.030
5.745,0.900,0.030
5.750,0.900,0.030
5.755,0.900,0.030
5.760,0.900,0.030
5.765,0.900,0.030
5.770,0.900,0.030
5.775,0.900,0.030
5.780,0.900,0.030
5.785,0.900,0.030
5.790,0.900,0.030
5.795,0.900,0.030
5.800,0.900,0.030
5.805,0.900,0.030
5.810,0.900,0.030
5.815,0.900,0.030
5.820,0.900,0.030
5.825,0.900,0.030
5.830,0.900,0.030
5.835,0.900,0.030
5.840,0.900,0.030
5.845,0.900,0.030
5.850,0.900,0.030
5.855,0.900,0.030
5.860,0.900,0.030
5.865,0.900,0.030
5.870,0.900,0.030
5.875,0.900,0.030
5.880,0.900,0.030
5.885,0.900,0.030
5.890,0.900,0.030
5.895,0.900,0.030
5.900,0.900,0.030
5.905,0.900,0.030
5.910,0.900,0.030
5.915,0.900,0.030
5.920,0.900,0.030
5.925,0.900,0.030
5.930,0.900,0.030
5.935,0.900,0.030
5.940,0.900,0.030
5.945,0.900,0.030
5.950,0.900,0.030
5.955,0.900,0.030
5.960,0.900,0.030
5.965,0.900,0.030
5.970,0.900,0.030
5.975,0.900,0.030
5.980,0.900,0.030
5.985,0.900,0.030
5.990,0.900,0.030
5.995,0.900,0.030
6.000,0.900,0.030
6.005,0.900,0.030
6.010,0.900,0.030
6.015,0.900,0.030
6.020,0.900,0.030
6.025,0.900,0.030
6.030,0.900,0.030
6.035,0.900,0.030
6.040,0.900,0.030
6.045,0.900,0.030
6.050,0.900,0.030
6.055,0.900,0.030
6.060,0.900,0.030
6.065,0.900,0.030
6.070,0.900,0.030
6.075,0.900,0.030
6.080,0.900,0.030
6.085,0.900,0.030
6.090,0.900,0.030
6.095,0.900,0.030
6.100,0.900,0.030
6.105,0.900,0.030
6.110,0.900,0.030
6.115,0.900,0.030
6.120,0.900,0.030
6.125,0.900,0.030
6.130,0.900,0.030
6.135,0.900,0.030
6.140,0.900,0.030
6.145,0.900,0.030
6.150,0.900,0.030
6.155,0.900,0.030
6.160,0.900,0.030
6.165,0.900,0.030
6.170,0.900,0.030
6.175,0.900,0.030
6.180,0.900,0.030
6.185,0.900,0.030
6.190,0.900,0.030
6.195,0.900,0.030
6.200,0.900,0.030
6.205,0.900,0.030
6.210,0.900,0.030
6.215,0.900,0.030
6.220,0.900,0.030
6.225,0.900,0.030
6.230,0.900,0.030
6.235,0.900,0.030
6.240,0.900,0.030
6.245,0.900,0.030
6.250,0.900,0.030
6.255,0.900,0.030
6.260,0.900,0.030
6.265,0.900,0.030
6.270,0.900,0.030
6.275,0.900,0.030
6.280,0.900,0.030
6.285,0.900,0.030
6.290,0.900,0.030
6.295,0.900,0.030
6.300,0.900,0.030
6.305,0.900,0.030
6.310,0.900,0.030
6.315,0.900,0.030
6.320,0.900,0.030
6.325,0.900,0.030
6.330,0.900,0.030
6.335,0.900,0.030
6.340,0.900,0.030
6.345,0.900,0.030
6.350,0.900,0.030
6.355,0.900,0.030
6.360,0.900,0.030
6.365,0.900,0.030
6.370,0.900,0.030
6.375,0.900,0.030
6.380,0.900,0.030
6.385,0.900,0.030
6.390,0.900,0.030
6.395,0.900,0.030
6.400,0.900,0.030
6.405,0.900,0.030
6.410,0.900,0.030
6.415,0.900,0.030
6.420,0.900,0.030
6.425,0.900,0.030
6.430,0.900,0.030
6.435,0.900,0.030
6.440,0.900,0.030
6.445,0.900,0.030
6.450,0.900,0.030
6.455,0.900,0.030
6.460,0.900,0.030
6.465,0.900,0.030
6.470,0.900,0.030
6.475,0.900,0.030
6.480,0.900,0.030
6.485,0.900,0.030
6.490,0.900,0.030
6.495,0.900,0.030
6.500,0.900,0.030
6.505,0.900,0.030
6.510,0.900,0.030
6.515,0.900,0.030
6.520,0.900,0.030
6.525,0.900,0.030
6.530,0.900,0.030
6.535,0.900,0.030
6.540,0.900,0.030
6.545,0.900,0.030
6.550,0.900,0.030
6.555,0.900,0.030
6.560,0.900,0.030
6.565,0.900,0.030
6.570,0.900,0.030
6.575,0.900,0.030
6.580,0.900,0.030
6.585,0.900,0.030
6.590,0.900,0.030
6.595,0.900,0.030
6.600,0.900,0.030
6.605,0.900,0.030
6.610,0.900,0.030
6.615,0.900,0.030
6.620,0.900,0.030
6.625,0.900,0.030
6.630,0.900,0.030
6.635,0.900,0.030
6.640,0.900,0.030
6.645,0.900,0.030
6.650,0.900,0.030
6.655,0.900,0.030
6.660,0.900,0.030
6.665,0.900,0.030
6.670,0.900,0.030
6.675,0.900,0.030
6.680,0.900,0.030
6.685,0.900,0.030
6.690,0.900,0.030
6.695,0.900,0.030
6.700,0.900,0.030
6.705,0.900,0.030
6.710,0.900,0.030
6.715,0.900,0.030
6.720,0.900,0.030
6.725,0.900,0.030
6.730,0.900,0.030
6.735,0.900,0.030
6.740,0.900,0.030
6.745,0.900,0.030
6.750,0.900,0.030
6.755,0.900,0.030
6.760,0.900,0.030
6.765,0.900,0.030
6.770,0.900,0.030
6.775,0.900,0.030
6.780,0.900,0.030
6.785,0.900,0.030
6.790,0.900,0.030
6.795,0.900,0.030
6.800,0.900,0.030
6.805,0.900,0.030
6.810,0.900,0.030
6.815,0.900,0.030
6.820,0.900,0.030
6.825,0.900,0.030
6.830,0.900,0.030
6.835,0.900,0.030
6.840,0.900,0.030
6.845,0.900,0.030
6.850,0.900,0.030
6.855,0.900,0.030
6.860,0.900,0.030
6.865,0.900,0.030
6.870,0.900,0.030
6.875,0.900,0.030
6.880,0.900,0.030
6.885,0.900,0.030
6.890,0.900,0.030
6.895,0.900,0.030
6.900,0.900,0.030
6.905,0.900,0.030
6.910,0.900,0.030
6.915,0.900,0.030
6.920,0.900,0.030
6.925,0.900,0.030
6.930,0.900,0.030
6.935,0.900,0.030
6.940,0.900,0.030
6.945,0.900,0.030
6.950,0.900,0.030
6.955,0.900,0.030
6.960,0.900,0.030
6.965,0.900,0.030
6.970,0.900,0.030
6.975,0.900,0.030
6.980,0.900,0.030
6.985,0.900,0.030
6.990,0.900,0.030
6.995,0.900,0.030
7.000,0.900,0.030
7.005,0.900,0.030
7.010,0.900,0.030
7.015,0.900,0.030
7.020,0.900,0.030
7.025,0.900,0.030
7.030,0.900,0.030
7.035,0.900,0.030
7.040,0.900,0.030
7.045,0.900,0.030
7.050,0.900,0.030
7.055,0.900,0.030
7.060,0.900,0.030
7.065,0.900,0.030
7.070,0.900,0.030
7.075,0.900,0.030
7.080,0.900,0.030
7.085,0.900,0.030
7.090,0.900,0.030
7.095,0.900,0.030
7.100,0.900,0.030
7.105,0.900,0.030
7.110,0.900,0.030
7.115,0.900,0.030
7.120,0.900,0.030
7.125,0.900,0.030
7.130,0.900,0.030
7.135,0.900,0.030
7.140,0.900,0.030
7.145,0.900,0.030
7.150,0.900,0.030
7.155,0.900,0.030
7.160,0.900,0.030
7.165,0.900,0.030
7.170,0.900,0.030
7.175,0.900,0.030
7.180,0.900,0.030
7.185,0.900,0.030
7.190,0.900,0.030
7.195,0.900,0.030
7.200,0.900,0.030
7.205,0.900,0.030
7.210,0.900,0.030
7.215,0.900,0.030
7.220,0.900,0.030
7.225,0.900,0.030
7.230,0.900,0.030
7.235,0.900,0.030
7.240,0.900,0.030
7.245,0.900,0.030
7.250,0.900,0.030
7.255,0.900,0.030
7.260,0.900,0.030
7.265,0.900,0.030
7.270,0.900,0.030
7.275,0.900,0.030
7.280,0.900,0.030
7.285,0.900,0.030
7.290,0.900,0.030
7.295,0.900,0.030
7.300,0.900,0.030
7.305,0.900,0.030
7.310,0.900,0.030
7.315,0.900,0.030
7.320,0.900,0.030
7.325,0.900,0.030
7.330,0.900,0.030
7.335,0.900,0.030
7.340,0.900,0.030
7.345,0.900,0.030
7.350,0.900,0.030
7.355,0.900,0.030
7.360,0.900,0.030
7.365,0.900,0.030
7.370,0.900,0.030
7.375,0.900,0.030
7.380,0.900,0.030
7.385,0.900,0.030
7.390,0.900,0.030
7.395,0.900,0.030
7.400,0.900,0.030
7.405,0.900,0.030
7.410,0.900,0.030
7.415,0.900,0.030
7.420,0.900,0.030
7.425,0.900,0.030
7.430,0.900,0.030
7.435,0.900,0.030
7.440,0.900,0.030
7.445,0.900,0.030
7.450,0.900,0.030
7.455,0.900,0.030
7.460,0.900,0.030
7.465,0.900,0.030
7.470,0.900,0.030
7.475,0.900,0.030
7.480,0.900,0.030
7.485,0.900,0.030
7.490,0.900,0.030
7.495,0.900,0.030
7.500,0.900,0.030
7.505,0.900,0.030
7.510,0.900,0.030
7.515,0.900,0.030
7.520,0.900,0.030
7.525,0.900,0.030
7.530,0.900,0.030
7.535,0.900,0.030
7.540,0.900,0.030
7.545,0.900,0.030
7.550,0.900,0.030
7.555,0.900,0.030
7.560,0.900,0.030
7.565,0.900,0.030
7.570,0.900,0.030
7.575,0.900,0.030
7.580,0.900,0.030
7.585,0.900,0.030
7.590,0.900,0.030
7.595,0.900,0.030
7.600,0.900,0.030
7.605,0.900,0.030
7.610,0.900,0.030
7.615,0.900,0.030
7.620,0.900,0.030
7.625,0.900,0.030
7.630,0.900,0.030
7.635,0.900,0.030
7.640,0.900,0.030
7.645,0.900,0.030
7.650,0.900,0.030
7.655,0.900,0.030
7.660,0.900,0.030
7.665,0.900,0.030
7.670,0.900,0.030
7.675,0.900,0.030
7.680,0.900,0.030
7.685,0.900,0.030
7.690,0.900,0.030
7.695,0.900,0.030
7.700,0.900,0.030
7.705,0.900,0.030
7.710,0.900,0.030
7.715,0.900,0.030
7.720,0.900,0.030
7.725,0.900,0.030
7.730,0.900,0.030
7.735,0.900,0.030
7.740,0.900,0.030
7.745,0.900,0.030
7.750,0.900,0.030
7.755,0.900,0.030
7.760,0.900,0.030
7.765,0.900,0.030
7.770,0.900,0.030
7.775,0.900,0.030
7.780,0.900,0.030
7.785,0.900,0.030
7.790,0.900,0.030
7.795,0.900,0.030
7.800,0.900,0.030
7.805,0.900,0.030
7.810,0.900,0.030
7.815,0.900,0.030
7.820,0.900,0.030
7.825,0.900,0.030
7.830,0.900,0.030
7.835,0.900,0.030
7.840,0.900,0.030
7.845,0.900,0.030
7.850,0.900,0.030
7.855,0.900,0.030
7.860,0.900,0.030
7.865,0.900,0.030
7.870,0.900,0.030
7.875,0.900,0.030
7.880,0.900,0.030
7.885,0.900,0.030
7.890,0.900,0.030
7.895,0.900,0.030
7.900,0.900,0.030
7.905,0.900,0.030
7.910,0.900,0.030
7.915,0.900,0.030
7.920,0.900,0.030
7.925,0.900,0.030
7.930,0.900,0.030
7.935,0.900,0.030
7.940,0.900,0.030
7.945,0.900,0.030
7.950,0.900,0.030
7.955,0.900,0.030
7.960,0.900,0.030
7.965,0.900,0.030
7.970,0.900,0.030
7.975,0.900,0.030
7.980,0.900,0.030
7.985,0.900,0.030
7.990,0.900,0.030
7.995,0.900,0.030
8.000,0.900,0.030
8.005,0.900,0.030
8.010,0.900,0.030
8.015,0.900,0.030
8.020,0.900,0.030
8.025,0.900,0.030
8.030,0.900,0.030
8.035,0.900,0.030
8.040,0.900,0.030
8.045,0.900,0.030
8.050,0.900,0.030
8.055,0.900,0.030
8.060,0.900,0.030
8.065,0.900,0.030
8.070,0.900,0.030
8.075,0.900,0.030
8.080,0.900,0.030
8.085,0.900,0.030
8.090,0.900,0.030
8.095,0.900,0.030
8.100,0.900,0.030
8.105,0.900,0.030
8.110,0.900,0.030
8.115,0.900,0.030
8.120,0.900,0.030
8.125,0.900,0.030
8.130,0.900,0.030
8.135,0.900,0.030
8.140,0.900,0.030
8.145,0.900,0.030
8.150,0.900,0.030
8.155,0.900,0.030
8.160,0.900,0.030
8.165,0.900,0.030
8.170,0.900,0.030
8.175,0.900,0.030
8.180,0.900,0.030
8.185,0.900,0.030
8.190,0.900,0.030
8.195,0.900,0.030
8.200,0.900,0.030
8.205,0.900,0.030
8.210,0.900,0.030
8.215,0.900,0.030
8.220,0.900,0.030
8.225,0.900,0.030
8.230,0.900,0.030
8.235,0.900,0.030
8.240,0.900,0.030
8.245,0.900,0.030
8.250,0.900,0.030
8.255,0.900,0.030
8.260,0.900,0.030
8.265,0.900,0.030
8.270,0.900,0.030
8.275,0.900,0.030
8.280,0.900,0.030
8.285,0.900,0.030
8.290,0.900,0.030
8.295,0.900,0.030
8.300,0.900,0.030
8.305,0.900,0.030
8.310,0.900,0.030
8.315,0.900,0.030
8.320,0.900,0.030
8.325,0.900,0.030
8.330,0.900,0.030
8.335,0.900,0.030
8.340,0.900,0.030
8.345,0.900,0.030
8.350,0.900,0.030
8.355,0.900,0.030
8.360,0.900,0.030
8.365,0.900,0.030
8.370,0.900,0.030
8.375,0.900,0.030
8.380,0.900,0.030
8.385,0.900,0.030
8.390,0.900,0.030
8.395,0.900,0.030
8.400,0.900,0.030
8.405,0.900,0.030
8.410,0.900,0.030
8.415,0.900,0.030
8.420,0.900,0.030
8.425,0.900,0.030
8.430,0.900,0.030
8.435,0.900,0.030
8.440,0.900,0.030
8.445,0.900,0.030
8.450,0.900,0.030
8.455,0.900,0.030
8.460,0.900,0.030
8.465,0.900,0.030
8.470,0.900,0.030
8.475,0.900,0.030
8.480,0.900,0.030
8.485,0.900,0.030
8.490,0.900,0.030
8.495,0.900,0.030
8.500,0.900,0.030
8.505,0.900,0.030
8.510,0.900,0.030
8.515,0.900,0.030
8.520,0.900,0.030
8.525,0.900,0.030
8.530,0.900,0.030
8.535,0.900,0.030
8.540,0.900,0.030
8.545,0.900,0.030
8.550,0.900,0.030
8.555,0.900,0.030
8.560,0.900,0.030
8.565,0.900,0.030
8.570,0.900,0.030
8.575,0.900,0.030
8.580,0.900,0.030
8.585,0.900,0.030
8.590,0.900,0.030
8.595,0.900,0.030
8.600,0.900,0.030
8.605,0.900,0.030
8.610,0.900,0.030
8.615,0.900,0.030
8.620,0.900,0.030
8.625,0.900,0.030
8.630,0.900,0.030
8.635,0.900,0.030
8.640,0.900,0.030
8.645,0.900,0.030
8.650,0.900,0.030
8.655,0.900,0.030
8.660,0.900,0.030
8.665,0.900,0.030
8.670,0.900,0.030
8.675,0.900,0.030
8.680,0.900,0.030
8.685,0.900,0.030
8.690,0.900,0.030
8.695,0.900,0.030
8.700,0.900,0.030
8.705,0.900,0.030
8.710,0.900,0.030
8.715,0.900,0.030
8.720,0.900,0.030
8.725,0.900,0.030
8.730,0.900,0.030
8.735,0.900,0.030
8.740,0.900,0.030
8.745,0.900,0.030
8.750,0.900,0.030
8.755,0.900,0.030
8.760,0.900,0.030
8.765,0.900,0.030
8.770,0.900,0.030
8.775,0.900,0.030
8.780,0.900,0.030
8.785,0.900,0.030
8.790,0.900,0.030
8.795,0.900,0.030
8.800,0.900,0.030
8.805,0.900,0.030
8.810,0.900,0.030
8.815,0.900,0.030
8.820,0.900,0.030
8.825,0.900,0.030
8.830,0.900,0.030
8.835,0.900,0.030
8.840,0.900,0.030
8.845,0.900,0.030
8.850,0.900,0.030
8.855,0.900,0.030
8.860,0.900,0.030
8.865,0.900,0.030
8.870,0.900,0.030
8.875,0.900,0.030
8.880,0.900,0.030
8.885,0.900,0.030
8.890,0.900,0.030
8.895,0.900,0.030
8.900,0.900,0.030
8.905,0.900,0.030
8.910,0.900,0.030
8.915,0.900,0.030
8.920,0.900,0.030
8.925,0.900,0.030
8.930,0.900,0.030
8.935,0.900,0.030
8.940,0.900,0.030
8.945,0.900,0.030
8.950,0.900,0.030
8.955,0.900,0.030
8.960,0.900,0.030
8.965,0.900,0.030
8.970,0.900,0.030
8.975,0.900,0.030
8.980,0.900,0.030
8.985,0.900,0.030
8.990,0.900,0.030
8.995,0.900,0.030
9.000,0.900,0.030
9.005,0.900,0.030
9.010,0.900,0.030
9.015,0.900,0.030
9.020,0.900,0.030
9.025,0.900,0.030
9.030,0.900,0.030
9.035,0.900,0.030
9.040,0.900,0.030
9.045,0.900,0.030
9.050,0.900,0.030
9.055,0.900,0.030
9.060,0.900,0.030
9.065,0.900,0.030
9.070,0.900,0.030
9.075,0.900,0.030
9.080,0.900,0.030
9.085,0.900,0.030
9.090,0.900,0.030
9.095,0.900,0.030
9.100,0.900,0.030
9.105,0.900,0.030
9.110,0.900,0.030
9.115,0.900,0.030
9.120,0.900,0.030
9.125,0.900,0.030
9.130,0.900,0.030
9.135,0.900,0.030
9.140,0.900,0.030
9.145,0.900,0.030
9.150,0.900,0.030
9.155,0.900,0.030
9.160,0.900,0.030
9.165,0.900,0.030
9.170,0.900,0.030
9.175,0.900,0.030
9.180,0.900,0.030
9.185,0.900,0.030
9.190,0.900,0.030
9.195,0.900,0.030
9.200,0.900,0.030
9.205,0.900,0.030
9.210,0.900,0.030
9.215,0.900,0.030
9.220,0.900,0.030
9.225,0.900,0.030
9.230,0.900,0.030
9.235,0.900,0.030
9.240,0.900,0.030
9.245,0.900,0.030
9.250,0.900,0.030
9.255,0.900,0.030
9.260,0.900,0.030
9.265,0.900,0.030
9.270,0.900,0.030
9.275,0.900,0.030
9.280,0.900,0.030
9.285,0.900,0.030
9.290,0.900,0.030
9.295,0.900,0.030
9.300,0.900,0.030
9.305,0.900,0.030
9.310,0.900,0.030
9.315,0.900,0.030
9.320,0.900,0.030
9.325,0.900,0.030
9.330,0.900,0.030
9.335,0.900,0.030
9.340,0.900,0.030
9.345,0.900,0.030
9.350,0.900,0.030
9.355,0.900,0.030
9.360,0.900,0.030
9.365,0.900,0.030
9.370,0.900,0.030
9.375,0.900,0.030
9.380,0.900,0.030
9.385,0.900,0.030
9.390,0.900,0.030
9.395,0.900,0.030
9.400,0.900,0.030
9.405,0.900,0.030
9.410,0.900,0.030
9.415,0.900,0.030
9.420,0.900,0.030
9.425,0.900,0.030
9.430,0.900,0.030
9.435,0.900,0.030
9.440,0.900,0.030
9.445,0.900,0.030
9.450,0.900,0.030
9.455,0.900,0.030
9.460,0.900,0.030
9.465,0.900,0.030
9.470,0.900,0.030
9.475,0.900,0.030
9.480,0.900,0.030
9.485,0.900,0.030
9.490,0.900,0.030
9.495,0.900,0.030
9.500,0.900,0.030
9.505,0.900,0.030
9.510,0.900,0.030
9.515,0.900,0.030
9.520,0.900,0.030
9.525,0.900,0.030
9.530,0.900,0.030
9.535,0.900,0.030
9.540,0.900,0.030
9.545,0.900,0.030
9.550,0.900,0.030
9.555,0.900,0.030
9.560,0.900,0.030
9.565,0.900,0.030
9.570,0.900,0.030
9.575,0.900,0.030
9.580,0.900,0.030
9.585,0.900,0.030
9.590,0.900,0.030
9.595,0.900,0.030
9.600,0.900,0.030
9.605,0.900,0.030
9.610,0.900,0.030
9.615,0.900,0.030
9.620,0.900,0.030
9.625,0.900,0.030
9.630,0.900,0.030
9.635,0.900,0.030
9.640,0.900,0.030
9.645,0.900,0.030
9.650,0.900,0.030
9.655,0.900,0.030
9.660,0.900,0.030
9.665,0.900,0.030
9.670,0.900,0.030
9.675,0.900,0.030
9.680,0.900,0.030
9.685,0.900,0.030
9.690,0.900,0.030
9.695,0.900,0.030
9.700,0.900,0.030
9.705,0.900,0.030
9.710,0.900,0.030
9.715,0.900,0.030
9.720,0.900,0.030
9.725,0.900,0.030
9.730,0.900,0.030
9.735,0.900,0.030
9.740,0.900,0.030
9.745,0.900,0.030
9.750,0.900,0.030
9.755,0.900,0.030
9.760,0.900,0.030
9.765,0.900,0.030
9.770,0.900,0.030
9.775,0.900,0.030
9.780,0.900,0.030
9.785,0.900,0.030
9.790,0.900,0.030
9.795,0.900,0.030
9.800,0.900,0.030
9.805,0.900,0.030
9.810,0.900,0.030
9.815,0.900,0.030
9.820,0.900,0.030
9.825,0.900,0.030
9.830,0.900,0.030
9.835,0.900,0.030
9.840,0.900,0.030
9.845,0.900,0.030
9.850,0.900,0.030
9.855,0.900,0.030
9.860,0.900,0.030
9.865,0.900,0.030
9.870,0.900,0.030
9.875,0.900,0.030
9.880,0.900,0.030
9.885,0.900,0.030
9.890,0.900,0.030
9.895,0.900,0.030
9.900,0.900,0.030
9.905,0.900,0.030
9.910,0.900,0.030
9.915,0.900,0.030
9.920,0.900,0.030
9.925,0.900,0.030
9.930,0.900,0.030
9.935,0.900,0.030
9.940,0.900,0.030
9.945,0.900,0.030
9.950,0.900,0.030
9.955,0.900,0.030
9.960,0.900,0.030
9.965,0.900,0.030
9.970,0.900,0.030
9.975,0.900,0.030
9.980,0.900,0.030
9.985,0.900,0.030
9.990,0.900,0.030
9.995,0.900,0.030
10.000,0.900,0.030
10.005,0.900,0.030
10.010,0.900,0.030
10.015,0.900,0.030
10.020,0.900,0.030
10.025,0.900,0.030
10.030,0.900,0.030
10.035,0.900,0.030
10.040,0.900,0.030
10.045,0.900,0.030
10.050,0.900,0.030
10.055,0.900,0.030
10.060,0.900,0.030
10.065,0.900,0.030
10.070,0.900,0.030
10.075,0.900,0.030
10.080,0.900,0.030
10.085,0.900,0.030
10.090,0.900,0.030
10.095,0.900,0.030
10.100,0.900,0.030
10.105,0.900,0.030
10.110,0.900,0.030
10.115,0.900,0.030
10.120,0.900,0.030
10.125,0.900,0.030
10.130,0.900,0.030
10.135,0.900,0.030
10.140,0.900,0.030
10.145,0.900,0.030
10.150,0.900,0.030
10.155,0.900,0.030
10.160,0.900,0.030
10.165,0.900,0.030
10.170,0.900,0.030
10.175,0.900,0.030
10.180,0.900,0.030
10.185,0.900,0.030
10.190,0.900,0.030
10.195,0.900,0.030
10.200,0.900,0.030
10.205,0.900,0.030
10.210,0.900,0.030
10.215,0.900,0.030
10.220,0.900,0.030
10.225,0.900,0.030
10.230,0.900,0.030
10.235,0.900,0.030
10.240,0.900,0.030
10.245,0.900,0.030
10.250,0.900,0.030
10.255,0.900,0.030
10.260,0.900,0.030
10.265,0.900,0.030
10.270,0.900,0.030
10.275,0.900,0.030
10.280,0.900,0.030
10.285,0.900,0.030
10.290,0.900,0.030
10.295,0.900,0.030
10.300,0.900,0.030
10.305,0.900,0.030
10.310,0.900,0.030
10.315,0.900,0.030
10.320,0.900,0.030
10.325,0.900,0.030
10.330,0.900,0.030
10.335,0.900,0.030
10.340,0.900,0.030
10.345,0.900,0.030
10.350,0.900,0.030
10.355,0.900,0.030
10.360,0.900,0.030
10.365,0.900,0.030
10.370,0.900,0.030
10.375,0.900,0.030
10.380,0.900,0.030
10.385,0.900,0.030
10.390,0.900,0.030
10.395,0.900,0.030
10.400,0.900,0.030
10.405,0.900,0.030
10.410,0.900,0.030
10.415,0.900,0.030
10.420,0.900,0.030
10.425,0.900,0.030
10.430,0.900,0.030
10.435,0.900,0.030
10.440,0.900,0.030
10.445,0.900,0.030
10.450,0.900,0.030
10.455,0.900,0.030
10.460,0.900,0.030
10.465,0.900,0.030
10.470,0.900,0.030
10.475,0.900,0.030
10.480,0.900,0.030
10.485,0.900,0.030
10.490,0.900,0.030
10.495,0.900,0.030
10.500,0.900,0.030
10.505,0.900,0.030
10.510,0.900,0.030
10.515,0.900,0.030
10.520,0.900,0.030
10.525,0.900,0.030
10.530,0.900,0.030
10.535,0.900,0.030
10.540,0.900,0.030
10.545,0.900,0.030
10.550,0.900,0.030
10.555,0.900,0.030
10.560,0.900,0.030
10.565,0.900,0.030
10.570,0.900,0.030
10.575,0.900,0.030
10.580,0.900,0.030
10.585,0.900,0.030
10.590,0.900,0.030
10.595,0.900,0.030
10.600,0.900,0.030
10.605,0.900,0.030
10.610,0.900,0.030
10.615,0.900,0.030
10.620,0.900,0.030
10.625,0.900,0.030
10.630,0.900,0.030
10.635,0.900,0.030
10.640,0.900,0.030
10.645,0.900,0.030
10.650,0.900,0.030
10.655,0.900,0.030
10.660,0.900,0.030
10.665,0.900,0.030
10.670,0.900,0.030
10.675,0.900,0.030
10.680,0.900,0.030
10.685,0.900,0.030
10.690,0.900,0.030
10.695,0.900,0.030
10.700,0.900,0.030
10.705,0.900,0.030
10.710,0.900,0.030
10.715,0.900,0.030
10.720,0.900,0.030
10.725,0.900,0.030
10.730,0.900,0.030
10.735,0.900,0.030
10.740,0.900,0.030
10.745,0.900,0.030
10.750,0.900,0.030
10.755,0.900,0.030
10.760,0.900,0.030
10.765,0.900,0.030
10.770,0.900,0.030
10.775,0.900,0.030
10.780,0.900,0.030
10.785,0.900,0.030
10.790,0.900,0.030
10.795,0.900,0.030
10.800,0.900,0.030
10.805,0.900,0.030
10.810,0.900,0.030
10.815,0.900,0.030
10.820,0.900,0.030
10.825,0.900,0.030
10.830,0.900,0.030
10.835,0.900,0.030
10.840,0.900,0.030
10.845,0.900,0.030
10.850,0.900,0.030
10.855,0.900,0.030
10.860,0.900,0.030
10.865,0.900,0.030
10.870,0.900,0.030
10.875,0.900,0.030
10.880,0.900,0.030
10.885,0.900,0.030
10.890,0.900,0.030
10.895,0.900,0.030
10.900,0.900,0.030
10.905,0.900,0.030
10.910,0.900,0.030
10.915,0.900,0.030
10.920,0.900,0.030
10.925,0.900,0.030
10.930,0.900,0.030
10.935,0.900,0.030
10.940,0.900,0.030
10.945,0.900,0.030
10.950,0.900,0.030
10.955,0.900,0.030
10.960,0.900,0.030
10.965,0.900,0.030
10.970,0.900,0.030
10.975,0.900,0.030
10.980,0.900,0.030
10.985,0.900,0.030
10.990,0.900,0.030
10.995,0.900,0.030
11.000,0.900,0.030
11.005,0.900,0.030
11.010,0.900,0.030
11.015,0.900,0.030
11.020,0.900,0.030
11.025,0.900,0.030
11.030,0.900,0.030
11.035,0.900,0.030
11.040,0.900,0.030
11.045,0.900,0.030
11.050,0.900,0.030
11.055,0.900,0.030
11.060,0.900,0.030
11.065,0.900,0.030
11.070,0.900,0.030
11.075,0.900,0.030
11.080,0.900,0.030
11.085,0.900,0.030
11.090,0.900,0.030
11.095,0.900,0.030
11.100,0.900,0.030
11.105,0.900,0.030
11.110,0.900,0.030
11.115,0.900,0.030
11.120,0.900,0.030
11.125,0.900,0.030
11.130,0.900,0.030
11.135,0.900,0.030
11.140,0.900,0.030
11.145,0.900,0.030
11.150,0.900,0.030
11.155,0.900,0.030
11.160,0.900,0.030
11.165,0.900,0.030
11.170,0.900,0.030
11.175,0.900,0.030
11.180,0.900,0.030
11.185,0.900,0.030
11.190,0.900,0.030
11.195,0.900,0.030
11.200,0.900,0.030
11.205,0.900,0.030
11.210,0.900,0.030
11.215,0.900,0.030
11.220,0.900,0.030
11.225,0.900,0.030
11.230,0.900,0.030
11.235,0.900,0.030
11.240,0.900,0.030
11.245,0.900,0.030
11.250,0.900,0.030
11.255,0.900,0.030
11.260,0.900,0.030
11.265,0.900,0.030
11.270,0.900,0.030
11.275,0.900,0.030
11.280,0.900,0.030
11.285,0.900,0.030
11.290,0.900,0.030
11.295,0.900,0.030
11.300,0.900,0.030
11.305,0.900,0.030
11.310,0.900,0.030
11.315,0.900,0.030
11.320,0.900,0.030
11.325,0.900,0.030
11.330,0.900,0.030
11.335,0.900,0.030
11.340,0.900,0.030
11.345,0.900,0.030
11.350,0.900,0.030
11.355,0.900,0.030
11.360,0.900,0.030
11.365,0.900,0.030
11.370,0.900,0.030
11.375,0.900,0.030
11.380,0.900,0.030
11.385,0.900,0.030
11.390,0.900,0.030
11.395,0.900,0.030
11.400,0.900,0.030
11.405,0.900,0.030
11.410,0.900,0.030
11.415,0.900,0.030
11.420,0.900,0.030
11.425,0.900,0.030
11.430,0.900,0.030
11.435,0.900,0.030
11.440,0.900,0.030
11.445,0.900,0.030
11.450,0.900,0.030
11.455,0.900,0.030
11.460,0.900,0.030
11.465,0.900,0.030
11.470,0.900,0.030
11.475,0.900,0.030
11.480,0.900,0.030
11.485,0.900,0.030
11.490,0.900,0.030
11.495,0.900,0.030
11.500,0.900,0.030
11.505,0.900,0.030
11.510,0.900,0.030
11.515,0.900,0.030
11.520,0.900,0.030
11.525,0.900,0.030
11.530,0.900,0.030
11.535,0.900,0.030
11.540,0.900,0.030
11.545,0.900,0.030
11.550,0.900,0.030
11.555,0.900,0.030
11.560,0.900,0.030
11.565,0.900,0.030
11.570,0.900,0.030
11.575,0.900,0.030
11.580,0.900,0.030
11.585,0.900,0.030
11.590,0.900,0.030
11.595,0.900,0.030
11.600,0.900,0.030
11.605,0.900,0.030
11.610,0.900,0.030
11.615,0.900,0.030
11.620,0.900,0.030
11.625,0.900,0.030
11.630,0.900,0.030
11.635,0.900,0.030
11.640,0.900,0.030
11.645,0.900,0.030
11.650,0.900,0.030
11.655,0.900,0.030
11.660,0.900,0.030
11.665,0.900,0.030
11.670,0.900,0.030
11.675,0.900,0.030
11.680,0.900,0.030
11.685,0.900,0.030
11.690,0.900,0.030
11.695,0.900,0.030
11.700,0.900,0.030
11.705,0.900,0.030
11.710,0.900,0.030
11.715,0.900,0.030
11.720,0.900,0.030
11.725,0.900,0.030
11.730,0.900,0.030
11.735,0.900,0.030
11.740,0.900,0.030
11.745,0.900,0.030
11.750,0.900,0.030
11.755,0.900,0.030
11.760,0.900,0.030
11.765,0.900,0.030
11.770,0.900,0.030
11.775,0.900,0.030
11.780,0.900,0.030
11.785,0.900,0.030
11.790,0.900,0.030
11.795,0.900,0.030
11.800,0.900,0.030
11.805,0.900,0.030
11.810,0.900,0.030
11.815,0.900,0.030
11.820,0.900,0.030
11.825,0.900,0.030
11.830,0.900,0.030
11.835,0.900,0.030
11.840,0.900,0.030
11.845,0.900,0.030
11.850,0.900,0.030
11.855,0.900,0.030
11.860,0.900,0.030
11.865,0.900,0.030
11.870,0.900,0.030
11.875,0.900,0.030
11.880,0.900,0.030
11.885,0.900,0.030
11.890,0.900,0.030
11.895,0.900,0.030
11.900,0.900,0.030
11.905,0.900,0.030
11.910,0.900,0.030
11.915,0.900,0.030
11.920,0.900,0.030
11.925,0.900,0.030
11.930,0.900,0.030
11.935,0.900,0.030
11.940,0.900,0.030
11.945,0.900,0.030
11.950,0.900,0.030
11.955,0.900,0.030
11.960,0.900,0.030
11.965,0.900,0.030
11.970,0.900,0.030
11.975,0.900,0.030
11.980,0.900,0.030
11.985,0.900,0.030
11.990,0.900,0.030
11.995,0.900,0.030
12.000,0.900,0.030
12.005,0.900,0.030
12.010,0.900,0.030
12.015,0.900,0.030
12.020,0.900,0.030
12.025,0.900,0.030
12.030,0.900,0.030
12.035,0.900,0.030
12.040,0.900,0.030
12.045,0.900,0.030
12.050,0.900,0.030
12.055,0.900,0.030
12.060,0.900,0.030
12.065,0.900,0.030
12.070,0.900,0.030
12.075,0.900,0.030
12.080,0.900,0.030
12.085,0.900,0.030
12.090,0.900,0.030
12.095,0.900,0.030
12.100,0.900,0.030
12.105,0.900,0.030
12.110,0.900,0.030
12.115,0.900,0.030
12.120,0.900,0.030
12.125,0.900,0.030
12.130,0.900,0.030
12.135,0.900,0.030
12.140,0.900,0.030
12.145,0.900,0.030
12.150,0.900,0.030
12.155,0.900,0.030
12.160,0.900,0.030
12.165,0.900,0.030
12.170,0.900,0.030
12.175,0.900,0.030
12.180,0.900,0.030
12.185,0.900,0.030
12.190,0.900,0.030
12.195,0.900,0.030
12.200,0.900,0.030
12.205,0.900,0.030
12.210,0.900,0.030
12.215,0.900,0.030
12.220,0.900,0.030
12.225,0.900,0.030
12.230,0.900,0.030
12.235,0.900,0.030
12.240,0.900,0.030
12.245,0.900,0.030
12.250,0.900,0.030
12.255,0.900,0.030
12.260,0.900,0.030
12.265,0.900,0.030
12.270,0.900,0.030
12.275,0.900,0.030
12.280,0.900,0.030
12.285,0.900,0.030
12.290,0.900,0.030
12.295,0.900,0.030
12.300,0.900,0.030
12.305,0.900,0.030
12.310,0.900,0.030
12.315,0.900,0.030
12.320,0.900,0.030
12.325,0.900,0.030
12.330,0.900,0.030
12.335,0.900,0.030
12.340,0.900,0.030
12.345,0.900,0.030
12.350,0.900,0.030
12.355,0.900,0.030
12.360,0.900,0.030
12.365,0.900,0.030
12.370,0.900,0.030
12.375,0.900,0.030
12.380,0.900,0.030
12.385,0.900,0.030
12.390,0.900,0.030
12.395,0.900,0.030
12.400,0.900,0.030
12.405,0.900,0.030
12.410,0.900,0.030
12.415,0.900,0.030
12.420,0.900,0.030
12.425,0.900,0.030
12.430,0.900,0.030
12.435,0.900,0.030
12.440,0.900,0.030
12.445,0.900,0.030
12.450,0.900,0.030
12.455,0.900,0.030
12.460,0.900,0.030
12.465,0.900,0.030
12.470,0.900,0.030
12.475,0.900,0.030
12.480,0.900,0.030
12.485,0.900,0.030
12.490,0.900,0.030
12.495,0.900,0.030
12.500,0.900,0.030
12.505,0.900,0.030
12.510,0.900,0.030
12.515,0.900,0.030
12.520,0.900,0.030
12.525,0.900,0.030
12.530,0.900,0.030
12.535,0.900,0.030
12.540,0.900,0.030
12.545,0.900,0.030
12.550,0.900,0.030
12.555,0.900,0.030
12.560,0.900,0.030
12.565,0.900,0.030
12.570,0.900,0.030
12.575,0.900,0.030
12.580,0.900,0.030
12.585,0.900,0.030
12.590,0.900,0.030
12.595,0.900,0.030
12.600,0.900,0.030
12.605,0.900,0.030
12.610,0.900,0.030
12.615,0.900,0.030
12.620,0.900,0.030
12.625,0.900,0.030
12.630,0.900,0.030
12.635,0.900,0.030
12.640,0.900,0.030
12.645,0.900,0.030
12.650,0.900,0.030
12.655,0.900,0.030
12.660,0.900,0.030
12.665,0.900,0.030
12.670,0.900,0.030
12.675,0.900,0.030
12.680,0.900,0.030
12.685,0.900,0.030
12.690,0.900,0.030
12.695,0.900,0.030
12.700,0.900,0.030
12.705,0.900,0.030
12.710,0.900,0.030
12.715,0.900,0.030
12.720,0.900,0.030
12.725,0.900,0.030
12.730,0.900,0.030
12.735,0.900,0.030
12.740,0.900,0.030
12.745,0.900,0.030
12.750,0.900,0.030
12.755,0.900,0.030
12.760,0.900,0.030
12.765,0.900,0.030
12.770,0.900,0.030
12.775,0.900,0.030
12.780,0.900,0.030
12.785,0.900,0.030
12.790,0.900,0.030
12.795,0.900,0.030
12.800,0.900,0.030
12.805,0.900,0.030
12.810,0.900,0.030
12.815,0.900,0.030
12.820,0.900,0.030
12.825,0.900,0.030
12.830,0.900,0.030
12.835,0.900,0.030
12.840,0.900,0.030
12.845,0.900,0.030
12.850,0.900,0.030
12.855,0.900,0.030
12.860,0.900,0.030
12.865,0.900,0.030
12.870,0.900,0.030
12.875,0.900,0.030
12.880,0.900,0.030
12.885,0.900,0.030
12.890,0.900,0.030
12.895,0.900,0.030
12.900,0.900,0.030
12.905,0.900,0.030
12.910,0.900,0.030
12.915,0.900,0.030
12.920,0.900,0.030
12.925,0.900,0.030
12.930,0.900,0.030
12.935,0.900,0.030
12.940,0.900,0.030
12.945,0.900,0.030
12.950,0.900,0.030
12.955,0.900,0.030
12.960,0.900,0.030
12.965,0.900,0.030
12.970,0.900,0.030
12.975,0.900,0.030
12.980,0.900,0.030
12.985,0.900,0.030
12.990,0.900,0.030
12.995,0.900,0.030
13.000,0.900,0.030
13.005,0.900,0.030
13.010,0.900,0.030
13.015,0.900,0.030
13.020,0.900,0.030
13.025,0.900,0.030
13.030,0.900,0.030
13.035,0.900,0.030
13.040,0.900,0.030
13.045,0.900,0.030
13.050,0.900,0.030
13.055,0.900,0.030
13.060,0.900,0.030
13.065,0.900,0.030
13.070,0.900,0.030
13.075,0.900,0.030
13.080,0.900,0.030
13.085,0.900,0.030
13.090,0.900,0.030
13.095,0.900,0.030
13.100,0.900,0.030
13.105,0.900,0.030
13.110,0.900,0.030
13.115,0.900,0.030
13.120,0.900,0.030
13.125,0.900,0.030
13.130,0.900,0.030
13.135,0.900,0.030
13.140,0.900,0.030
13.145,0.900,0.030
13.150,0.900,0.030
13.155,0.900,0.030
13.160,0.900,0.030
13.165,0.900,0.030
13.170,0.900,0.030
13.175,0.900,0.030
13.180,0.900,0.030
13.185,0.900,0.030
13.190,0.900,0.030
13.195,0.900,0.030
13.200,0.900,0.030
13.205,0.900,0.030
13.210,0.900,0.030
13.215,0.900,0.030
13.220,0.900,0.030
13.225,0.900,0.030
13.230,0.900,0.030
13.235,0.900,0.030
13.240,0.900,0.030
13.245,0.900,0.030
13.250,0.900,0.030
13.255,0.900,0.030
13.260,0.900,0.030
13.265,0.900,0.030
13.270,0.900,0.030
13.275,0.900,0.030
13.280,0.900,0.030
13.285,0.900,0.030
13.290,0.900,0.030
13.295,0.900,0.030
13.300,0.900,0.030
13.305,0.900,0.030
13.310,0.900,0.030
13.315,0.900,0.030
13.320,0.900,0.030
13.325,0.900,0.030
13.330,0.900,0.030
13.335,0.900,0.030
13.340,0.900,0.030
13.345,0.900,0.030
13.350,0.900,0.030
13.355,0.900,0.030
13.360,0.900,0.030
13.365,0.900,0.030
13.370,0.900,0.030
13.375,0.900,0.030
13.380,0.900,0.030
13.385,0.900,0.030
13.390,0.900,0.030
13.395,0.900,0.030
13.400,0.900,0.030
13.405,0.900,0.030
13.410,0.900,0.030
13.415,0.900,0.030
13.420,0.900,0.030
13.425,0.900,0.030
13.430,0.900,0.030
13.435,0.900,0.030
13.440,0.900,0.030
13.445,0.900,0.030
13.450,0.900,0.030
13.455,0.900,0.030
13.460,0.900,0.030
13.465,0.900,0.030
13.470,0.900,0.030
13.475,0.900,0.030
13.480,0.900,0.030
13.485,0.900,0.030
13.490,0.900,0.030
13.495,0.900,0.030
13.500,0.900,0.030
13.505,0.900,0.030
13.510,0.900,0.030
13.515,0.900,0.030
13.520,0.900,0.030
13.525,0.900,0.030
13.530,0.900,0.030
13.535,0.900,0.030
13.540,0.900,0.030
13.545,0.900,0.030
13.550,0.900,0.030
13.555,0.900,0.030
13.560,0.900,0.030
13.565,0.900,0.030
13.570,0.900,0.030
13.575,0.900,0.030
13.580,0.900,0.030
13.585,0.900,0.030
13.590,0.900,0.030
13.595,0.900,0.030
13.600,0.900,0.030
13.605,0.900,0.030
13.610,0.900,0.030
13.615,0.900,0.030
13.620,0.900,0.030
13.625,0.900,0.030
13.630,0.900,0.030
13.635,0.900,0.030
13.640,0.900,0.030
13.645,0.900,0.030
13.650,0.900,0.030
13.655,0.900,0.030
13.660,0.900,0.030
13.665,0.900,0.030
13.670,0.900,0.030
13.675,0.900,0.030
13.680,0.900,0.030
13.685,0.900,0.030
13.690,0.900,0.030
13.695,0.900,0.030
13.700,0.900,0.030
13.705,0.900,0.030
13.710,0.900,0.030
13.715,0.900,0.030
13.720,0.900,0.030
13.725,0.900,0.030
13.730,0.900,0.030
13.735,0.900,0.030
13.740,0.900,0.030
13.745,0.900,0.030
13.750,0.900,0.030
13.755,0.900,0.030
13.760,0.900,0.030
13.765,0.900,0.030
13.770,0.900,0.030
13.775,0.900,0.030
13.780,0.900,0.030
13.785,0.900,0.030
13.790,0.900,0.030
13.795,0.900,0.030
13.800,0.900,0.030
13.805,0.900,0.030
13.810,0.900,0.030
13.815,0.900,0.030
13.820,0.900,0.030
13.825,0.900,0.030
13.830,0.900,0.030
13.835,0.900,0.030
13.840,0.900,0.030
13.845,0.900,0.030
13.850,0.900,0.030
13.855,0.900,0.030
13.860,0.900,0.030
13.865,0.900,0.030
13.870,0.900,0.030
13.875,0.900,0.030
13.880,0.900,0.030
13.885,0.900,0.030
13.890,0.900,0.030
13.895,0.900,0.030
13.900,0.900,0.030
13.905,0.900,0.030
13.910,0.900,0.030
13.915,0.900,0.030
13.920,0.900,0.030
13.925,0.900,0.030
13.930,0.900,0.030
13.935,0.900,0.030
13.940,0.900,0.030
13.945,0.900,0.030
13.950,0.900,0.030
13.955,0.900,0.030
13.960,0.900,0.030
13.965,0.900,0.030
13.970,0.900,0.030
13.975,0.900,0.030
13.980,0.900,0.030
13.985,0.900,0.030
13.990,0.900,0.030
13.995,0.900,0.030
14.000,0.900,0.030
14.005,0.900,0.030
14.010,0.900,0.030
14.015,0.900,0.030
14.020,0.900,0.030
14.025,0.900,0.030
14.030,0.900,0.030
14.035,0.900,0.030
14.040,0.900,0.030
14.045,0.900,0.030
14.050,0.900,0.030
14.055,0.900,0.030
14.060,0.900,0.030
14.065,0.900,0.030
14.070,0.900,0.030
14.075,0.900,0.030
14.080,0.900,0.030
14.085,0.900,0.030
14.090,0.900,0.030
14.095,0.900,0.030
14.100,0.900,0.030
14.105,0.900,0.030
14.110,0.900,0.030
14.115,0.900,0.030
14.120,0.900,0.030
14.125,0.900,0.030
14.130,0.900,0.030
14.135,0.900,0.030
14.140,0.900,0.030
14.145,0.900,0.030
14.150,0.900,0.030
14.155,0.900,0.030
14.160,0.900,0.030
14.165,0.900,0.030
14.170,0.900,0.030
14.175,0.900,0.030
14.180,0.900,0.030
14.185,0.900,0.030
14.190,0.900,0.030
14.195,0.900,0.030
14.200,0.900,0.030
14.205,0.900,0.030
14.210,0.900,0.030
14.215,0.900,0.030
14.220,0.900,0.030
14.225,0.900,0.030
14.230,0.900,0.030
14.235,0.900,0.030
14.240,0.900,0.030
14.245,0.900,0.030
14.250,0.900,0.030
14.255,0.900,0.030
14.260,0.900,0.030
14.265,0.900,0.030
14.270,0.900,0.030
14.275,0.900,0.030
14.280,0.900,0.030
14.285,0.900,0.030
14.290,0.900,0.030
14.295,0.900,0.030
14.300,0.900,0.030
14.305,0.900,0.030
14.310,0.900,0.030
14.315,0.900,0.030
14.320,0.900,0.030
14.325,0.900,0.030
14.330,0.900,0.030
14.335,0.900,0.030
14.340,0.900,0.030
14.345,0.900,0.030
14.350,0.900,0.030
14.355,0.900,0.030
14.360,0.900,0.030
14.365,0.900,0.030
14.370,0.900,0.030
14.375,0.900,0.030
14.380,0.900,0.030
14.385,0.900,0.030
14.390,0.900,0.030
14.395,0.900,0.030
14.400,0.900,0.030
14.405,0.900,0.030
14.410,0.900,0.030
14.415,0.900,0.030
14.420,0.900,0.030
14.425,0.900,0.030
14.430,0.900,0.030
14.435,0.900,0.030
14.440,0.900,0.030
14.445,0.900,0.030
14.450,0.900,0.030
14.455,0.900,0.030
14.460,0.900,0.030
14.465,0.900,0.030
14.470,0.900,0.030
14.475,0.900,0.030
14.480,0.900,0.030
14.485,0.900,0.030
14.490,0.900,0.030
14.495,0.900,0.030
14.500,0.900,0.030
14.505,0.900,0.030
14.510,0.900,0.030
14.515,0.900,0.030
14.520,0.900,0.030
14.525,0.900,0.030
14.530,0.900,0.030
14.535,0.900,0.030
14.540,0.900,0.030
14.545,0.900,0.030
14.550,0.900,0.030
14.555,0.900,0.030
14.560,0.900,0.030
14.565,0.900,0.030
14.570,0.900,0.030
14.575,0.900,0.030
14.580,0.900,0.030
14.585,0.900,0.030
14.590,0.900,0.030
14.595,0.900,0.030
14.600,0.900,0.030
14.605,0.900,0.030
14.610,0.900,0.030
14.615,0.900,0.030
14.620,0.900,0.030
14.625,0.900,0.030
14.630,0.900,0.030
14.635,0.900,0.030
14.640,0.900,0.030
14.645,0.900,0.030
14.650,0.900,0.030
14.655,0.900,0.030
14.660,0.900,0.030
14.665,0.900,0.030
14.670,0.900,0.030
14.675,0.900,0.030
14.680,0.900,0.030
14.685,0.900,0.030
14.690,0.900,0.030
14.695,0.900,0.030
14.700,0.900,0.030
14.705,0.900,0.030
14.710,0.900,0.030
14.715,0.900,0.030
14.720,0.900,0.030
14.725,0.900,0.030
14.730,0.900,0.030
14.735,0.900,0.030
14.740,0.900,0.030
14.745,0.900,0.030
14.750,0.900,0.030
14.755,0.900,0.030
14.760,0.900,0.030
14.765,0.900,0.030
14.770,0.900,0.030
14.775,0.900,0.030
14.780,0.900,0.030
14.785,0.900,0.030
14.790,0.900,0.030
14.795,0.900,0.030
14.800,0.900,0.030
14.805,0.900,0.030
14.810,0.900,0.030
14.815,0.900,0.030
14.820,0.900,0.030
14.825,0.900,0.030
14.830,0.900,0.030
14.835,0.900,0.030
14.840,0.900,0.030
14.845,0.900,0.030
14.850,0.900,0.030
14.855,0.900,0.030
14.860,0.900,0.030
14.865,0.900,0.030
14.870,0.900,0.030
14.875,0.900,0.030
14.880,0.900,0.030
14.885,0.900,0.030
14.890,0.900,0.030
14.895,0.900,0.030
14.900,0.900,0.030
14.905,0.900,0.030
14.910,0.900,0.030
14.915,0.900,0.030
14.920,0.900,0.030
14.925,0.900,0.030
14.930,0.900,0.030
14.935,0.900,0.030
14.940,0.900,0.030
14.945,0.900,0.030
14.950,0.900,0.030
14.955,0.900,0.030
14.960,0.900,0.030
14.965,0.900,0.030
14.970,0.900,0.030
14.975,0.900,0.030
14.980,0.900,0.030
14.985,0.900,0.030
14.990,0.900,0.030
14.995,0.900,0.030
15.000,0.900,0.030
15.005,0.900,0.030
15.010,0.900,0.030
15.015,0.900,0.030
15.020,0.900,0.030
15.025,0.900,0.030
15.030,0.900,0.030
15.035,0.900,0.030
15.040,0.900,0.030
15.045,0.900,0.030
15.050,0.900,0.030
15.055,0.900,0.030
15.060,0.900,0.030
15.065,0.900,0.030
15.070,0.900,0.030
15.075,0.900,0.030
15.080,0.900,0.030
15.085,0.900,0.030
15.090,0.900,0.030
15.095,0.900,0.030
15.100,0.900,0.030
15.105,0.900,0.030
15.110,0.900,0.030
15.115,0.900,0.030
15.120,0.900,0.030
15.125,0.900,0.030
15.130,0.900,0.030
15.135,0.900,0.030
15.140,0.900,0.030
15.145,0.900,0.030
15.150,0.900,0.030
15.155,0.900,0.030
15.160,0.900,0.030
15.165,0.900,0.030
15.170,0.900,0.030
15.175,0.900,0.030
15.180,0.900,0.030
15.185,0.900,0.030
15.190,0.900,0.030
15.195,0.900,0.030
15.200,0.900,0.030
15.205,0.900,0.030
15.210,0.900,0.030
15.215,0.900,0.030
15.220,0.900,0.030
15.225,0.900,0.030
15.230,0.900,0.030
15.235,0.900,0.030
15.240,0.900,0.030
15.245,0.900,0.030
15.250,0.900,0.030
15.255,0.900,0.030
15.260,0.900,0.030
15.265,0.900,0.030
15.270,0.900,0.030
15.275,0.900,0.030
15.280,0.900,0.030
15.285,0.900,0.030
15.290,0.900,0.030
15.295,0.900,0.030
15.300,0.900,0.030
15.305,0.900,0.030
15.310,0.900,0.030
15.315,0.900,0.030
15.320,0.900,0.030
15.325,0.900,0.030
15.330,0.900,0.030
15.335,0.900,0.030
15.340,0.900,0.030
15.345,0.900,0.030
15.350,0.900,0.030
15.355,0.900,0.030
15.360,0.900,0.030
15.365,0.900,0.030
15.370,0.900,0.030
15.375,0.900,0.030
15.380,0.900,0.030
15.385,0.900,0.030
15.390,0.900,0.030
15.395,0.900,0.030
15.400,0.900,0.030
15.405,0.900,0.030
15.410,0.900,0.030
15.415,0.900,0.030
15.420,0.900,0.030
15.425,0.900,0.030
15.430,0.900,0.030
15.435,0.900,0.030
15.440,0.900,0.030
15.445,0.900,0.030
15.450,0.900,0.030
15.455,0.900,0.030
15.460,0.900,0.030
15.465,0.900,0.030
15.470,0.900,0.030
15.475,0.900,0.030
15.480,0.900,0.030
15.485,0.900,0.030
15.490,0.900,0.030
15.495,0.900,0.030
15.500,0.900,0.030
15.505,0.900,0.030
15.510,0.900,0.030
15.515,0.900,0.030
15.520,0.900,0.030
15.525,0.900,0.030
15.530,0.900,0.030
15.535,0.900,0.030
15.540,0.900,0.030
15.545,0.900,0.030
15.550,0.900,0.030
15.555,0.900,0.030
15.560,0.900,0.030
15.565,0.900,0.030
15.570,0.900,0.030
15.575,0.900,0.030
15.580,0.900,0.030
15.585,0.900,0.030
15.590,0.900,0.030
15.595,0.900,0.030
15.600,0.900,0.030
15.605,0.900,0.030
15.610,0.900,0.030
15.615,0.900,0.030
15.620,0.900,0.030
15.625,0.900,0.030
15.630,0.900,0.030
15.635,0.900,0.030
15.640,0.900,0.030
15.645,0.900,0.030
15.650,0.900,0.030
15.655,0.900,0.030
15.660,0.900,0.030
15.665,0.900,0.030
15.670,0.900,0.030
15.675,0.900,0.030
15.680,0.900,0.030
15.685,0.900,0.030
15.690,0.900,0.030
15.695,0.900,0.030
15.700,0.900,0.030
15.705,0.900,0.030
15.710,0.900,0.030
15.715,0.900,0.030
15.720,0.900,0.030
15.725,0.900,0.030
15.730,0.900,0.030
15.735,0.900,0.030
15.740,0.900,0.030
15.745,0.900,0.030
15.750,0.900,0.030
15.755,0.900,0.030
15.760,0.900,0.030
15.765,0.900,0.030
15.770,0.900,0.030
15.775,0.900,0.030
15.780,0.900,0.030
15.785,0.900,0.030
15.790,0.900,0.030
15.795,0.900,0.030
15.800,0.900,0.030
15.805,0.900,0.030
15.810,0.900,0.030
15.815,0.900,0.030
15.820,0.900,0.030
15.825,0.900,0.030
15.830,0.900,0.030
15.835,0.900,0.030
15.840,0.900,0.030
15.845,0.900,0.030
15.850,0.900,0.030
15.855,0.900,0.030
15.860,0.900,0.030
15.865,0.900,0.030
15.870,0.900,0.030
15.875,0.900,0.030
15.880,0.900,0.030
15.885,0.900,0.030
15.890,0.900,0.030
15.895,0.900,0.030
15.900,0.900,0.030
15.905,0.900,0.030
15.910,0.900,0.030
15.915,0.900,0.030
15.920,0.900,0.030
15.925,0.900,0.030
15.930,0.900,0.030
15.935,0.900,0.030
15.940,0.900,0.030
15.945,0.900,0.030
15.950,0.900,0.030
15.955,0.900,0.030
15.960,0.900,0.030
15.965,0.900,0.030
15.970,0.900,0.030
15.975,0.900,0.030
15.980,0.900,0.030
15.985,0.900,0.030
15.990,0.900,0.030
15.995,0.900,0.030
16.000,0.900,0.030
16.005,0.900,0.030
16.010,0.900,0.030
16.015,0.900,0.030
16.020,0.900,0.030
16.025,0.900,0.030
16.030,0.900,0.030
16.035,0.900,0.030
16.040,0.900,0.030
16.045,0.900,0.030
16.050,0.900,0.030
16.055,0.900,0.030
16.060,0.900,0.030
16.065,0.900,0.030
16.070,0.900,0.030
16.075,0.900,0.030
16.080,0.900,0.030
16.085,0.900,0.030
16.090,0.900,0.030
16.095,0.900,0.030
16.100,0.900,0.030
16.105,0.900,0.030
16.110,0.900,0.030
16.115,0.900,0.030
16.120,0.900,0.030
16.125,0.900,0.030
16.130,0.900,0.030
16.135,0.900,0.030
16.140,0.900,0.030
16.145,0.900,0.030
16.150,0.900,0.030
16.155,0.900,0.030
16.160,0.900,0.030
16.165,0.900,0.030
16.170,0.900,0.030
16.175,0.900,0.030
16.180,0.900,0.030
16.185,0.900,0.030
16.190,0.900,0.030
16.195,0.900,0.030
16.200,0.900,0.030
16.205,0.900,0.030
16.210,0.900,0.030
16.215,0.900,0.030
16.220,0.900,0.030
16.225,0.900,0.030
16.230,0.900,0.030
16.235,0.900,0.030
16.240,0.900,0.030
16.245,0.900,0.030
16.250,0.900,0.030
16.255,0.900,0.030
16.260,0.900,0.030
16.265,0.900,0.030
16.270,0.900,0.030
16.275,0.900,0.030
16.280,0.900,0.030
16.285,0.900,0.030
16.290,0.900,0.030
16.295,0.900,0.030
16.300,0.900,0.030
16.305,0.900,0.030
16.310,0.900,0.030
16.315,0.900,0.030
16.320,0.900,0.030
16.325,0.900,0.030
16.330,0.900,0.030
16.335,0.900,0.030
16.340,0.900,0.030
16.345,0.900,0.030
16.350,0.900,0.030
16.355,0.900,0.030
16.360,0.900,0.030
16.365,0.900,0.030
16.370,0.900,0.030
16.375,0.900,0.030
16.380,0.900,0.030
16.385,0.900,0.030
16.390,0.900,0.030
16.395,0.900,0.030
16.400,0.900,0.030
16.405,0.900,0.030
16.410,0.900,0.030
16.415,0.900,0.030
16.420,0.900,0.030
16.425,0.900,0.030
16.430,0.900,0.030
16.435,0.900,0.030
16.440,0.900,0.030
16.445,0.900,0.030
16.450,0.900,0.030
16.455,0.900,0.030
16.460,0.900,0.030
16.465,0.900,0.030
16.470,0.900,0.030
16.475,0.900,0.030
16.480,0.900,0.030
16.485,0.900,0.030
16.490,0.900,0.030
16.495,0.900,0.030
16.500,0.900,0.030
16.505,0.900,0.030
16.510,0.900,0.030
16.515,0.900,0.030
16.520,0.900,0.030
16.525,0.900,0.030
16.530,0.900,0.030
16.535,0.900,0.030
16.540,0.900,0.030
16.545,0.900,0.030
16.550,0.900,0.030
16.555,0.900,0.030
16.560,0.900,0.030
16.565,0.900,0.030
16.570,0.900,0.030
16.575,0.900,0.030
16.580,0.900,0.030
16.585,0.900,0.030
16.590,0.900,0.030
16.595,0.900,0.030
16.600,0.900,0.030
16.605,0.900,0.030
16.610,0.900,0.030
16.615,0.900,0.030
16.620,0.900,0.030
16.625,0.900,0.030
16.630,0.900,0.030
16.635,0.900,0.030
16.640,0.900,0.030
16.645,0.900,0.030
16.650,0.900,0.030
16.655,0.900,0.030
16.660,0.900,0.030
16.665,0.900,0.030
16.670,0.900,0.030
16.675,0.900,0.030
16.680,0.900,0.030
16.685,0.900,0.030
16.690,0.900,0.030
16.695,0.900,0.030
16.700,0.900,0.030
16.705,0.900,0.030
16.710,0.900,0.030
16.715,0.900,0.030
16.720,0.900,0.030
16.725,0.900,0.030
16.730,0.900,0.030
16.735,0.900,0.030
16.740,0.900,0.030
16.745,0.900,0.030
16.750,0.900,0.030
16.755,0.900,0.030
16.760,0.900,0.030
16.765,0.900,0.030
16.770,0.900,0.030
16.775,0.900,0.030
16.780,0.900,0.030
16.785,0.900,0.030
16.790,0.900,0.030
16.795,0.900,0.030
16.800,0.900,0.030
16.805,0.900,0.030
16.810,0.900,0.030
16.815,0.900,0.030
16.820,0.900,0.030
16.825,0.900,0.030
16.830,0.900,0.030
16.835,0.900,0.030
16.840,0.900,0.030
16.845,0.900,0.030
16.850,0.900,0.030
16.855,0.900,0.030
16.860,0.900,0.030
16.865,0.900,0.030
16.870,0.900,0.030
16.875,0.900,0.030
16.880,0.900,0.030
16.885,0.900,0.030
16.890,0.900,0.030
16.895,0.900,0.030
16.900,0.900,0.030
16.905,0.900,0.030
16.910,0.900,0.030
16.915,0.900,0.030
16.920,0.900,0.030
16.925,0.900,0.030
16.930,0.900,0.030
16.935,0.900,0.030
16.940,0.900,0.030
16.945,0.900,0.030
16.950,0.900,0.030
16.955,0.900,0.030
16.960,0.900,0.030
16.965,0.900,0.030
16.970,0.900,0.030
16.975,0.900,0.030
16.980,0.900,0.030
16.985,0.900,0.030
16.990,0.900,0.030
16.995,0.900,0.030
17.000,0.900,0.030
17.005,0.900,0.030
17.010,0.900,0.030
17.015,0.900,0.030
17.020,0.900,0.030
17.025,0.900,0.030
17.030,0.900,0.030
17.035,0.900,0.030
17.040,0.900,0.030
17.045,0.900,0.030
17.050,0.900,0.030
17.055,0.900,0.030
17.060,0.900,0.030
17.065,0.900,0.030
17.070,0.900,0.030
17.075,0.900,0.030
17.080,0.900,0.030
17.085,0.900,0.030
17.090,0.900,0.030
17.095,0.900,0.030
17.100,0.900,0.030
17.105,0.900,0.030
17.110,0.900,0.030
17.115,0.900,0.030
17.120,0.900,0.030
17.125,0.900,0.030
17.130,0.900,0.030
17.135,0.900,0.030
17.140,0.900,0.030
17.145,0.900,0.030
17.150,0.900,0.030
17.155,0.900,0.030
17.160,0.900,0.030
17.165,0.900,0.030
17.170,0.900,0.030
17.175,0.900,0.030
17.180,0.900,0.030
17.185,0.900,0.030
17.190,0.900,0.030
17.195,0.900,0.030
17.200,0.900,0.030
17.205,0.900,0.030
17.210,0.900,0.030
17.215,0.900,0.030
17.220,0.900,0.030
17.225,0.900,0.030
17.230,0.900,0.030
17.235,0.900,0.030
17.240,0.900,0.030
17.245,0.900,0.030
17.250,0.900,0.030
17.255,0.900,0.030
17.260,0.900,0.030
17.265,0.900,0.030
17.270,0.900,0.030
17.275,0.900,0.030
17.280,0.900,0.030
17.285,0.900,0.030
17.290,0.900,0.030
17.295,0.900,0.030
17.300,0.900,0.030
17.305,0.900,0.030
17.310,0.900,0.030
17.315,0.900,0.030
17.320,0.900,0.030
17.325,0.900,0.030
17.330,0.900,0.030
17.335,0.900,0.030
17.340,0.900,0.030
17.345,0.900,0.030
17.350,0.900,0.030
17.355,0.900,0.030
17.360,0.900,0.030
17.365,0.900,0.030
17.370,0.900,0.030
17.375,0.900,0.030
17.380,0.900,0.030
17.385,0.900,0.030
17.390,0.900,0.030
17.395,0.900,0.030
17.400,0.900,0.030
17.405,0.900,0.030
17.410,0.900,0.030
17.415,0.900,0.030
17.420,0.900,0.030
17.425,0.900,0.030
17.430,0.900,0.030
17.435,0.900,0.030
17.440,0.900,0.030
17.445,0.900,0.030
17.450,0.900,0.030
17.455,0.900,0.030
17.460,0.900,0.030
17.465,0.900,0.030
17.470,0.900,0.030
17.475,0.900,0.030
17.480,0.900,0.030
17.485,0.900,0.030
17.490,0.900,0.030
17.495,0.900,0.030
17.500,0.900,0.030
17.505,0.900,0.030
17.510,0.900,0.030
17.515,0.900,0.030
17.520,0.900,0.030
17.525,0.900,0.030
17.530,0.900,0.030
17.535,0.900,0.030
17.540,0.900,0.030
17.545,0.900,0.030
17.550,0.900,0.030
17.555,0.900,0.030
17.560,0.900,0.030
17.565,0.900,0.030
17.570,0.900,0.030
17.575,0.900,0.030
17.580,0.900,0.030
17.585,0.900,0.030
17.590,0.900,0.030
17.595,0.900,0.030
17.600,0.900,0.030
17.605,0.900,0.030
17.610,0.900,0.030
17.615,0.900,0.030
17.620,0.900,0.030
17.625,0.900,0.030
17.630,0.900,0.030
17.635,0.900,0.030
17.640,0.900,0.030
17.645,0.900,0.030
17.650,0.900,0.030
17.655,0.900,0.030
17.660,0.900,0.030
17.665,0.900,0.030
17.670,0.900,0.030
17.675,0.900,0.030
17.680,0.900,0.030
17.685,0.900,0.030
17.690,0.900,0.030
17.695,0.900,0.030
17.700,0.900,0.030
17.705,0.900,0.030
17.710,0.900,0.030
17.715,0.900,0.030
17.720,0.900,0.030
17.725,0.900,0.030
17.730,0.900,0.030
17.735,0.900,0.030
17.740,0.900,0.030
17.745,0.900,0.030
17.750,0.900,0.030
17.755,0.900,0.030
17.760,0.900,0.030
17.765,0.900,0.030
17.770,0.900,0.030
17.775,0.900,0.030
17.780,0.900,0.030
17.785,0.900,0.030
17.790,0.900,0.030
17.795,0.900,0.030
17.800,0.900,0.030
17.805,0.900,0.030
17.810,0.900,0.030
17.815,0.900,0.030
17.820,0.900,0.030
17.825,0.900,0.030
17.830,0.900,0.030
17.835,0.900,0.030
17.840,0.900,0.030
17.845,0.900,0.030
17.850,0.900,0.030
17.855,0.900,0.030
17.860,0.900,0.030
17.865,0.900,0.030
17.870,0.900,0.030
17.875,0.900,0.030
17.880,0.900,0.030
17.885,0.900,0.030
17.890,0.900,0.030
17.895,0.900,0.030
17.900,0.900,0.030
17.905,0.900,0.030
17.910,0.900,0.030
17.915,0.900,0.030
17.920,0.900,0.030
17.925,0.900,0.030
17.930,0.900,0.030
17.935,0.900,0.030
17.940,0.900,0.030
17.945,0.900,0.030
17.950,0.900,0.030
17.955,0.900,0.030
17.960,0.900,0.030
17.965,0.900,0.030
17.970,0.900,0.030
17.975,0.900,0.030
17.980,0.900,0.030
17.985,0.900,0.030
17.990,0.900,0.030
17.995,0.900,0.030
18.000,0.900,0.030
18.005,0.900,0.030
18.010,0.900,0.030
18.015,0.900,0.030
18.020,0.900,0.030
18.025,0.900,0.030
18.030,0.900,0.030
18.035,0.900,0.030
18.040,0.900,0.030
18.045,0.900,0.030
18.050,0.900,0.030
18.055,0.900,0.030
18.060,0.900,0.030
18.065,0.900,0.030
18.070,0.900,0.030
18.075,0.900,0.030
18.080,0.900,0.030
18.085,0.900,0.030
18.090,0.900,0.030
18.095,0.900,0.030
18.100,0.900,0.030
18.105,0.900,0.030
18.110,0.900,0.030
18.115,0.900,0.030
18.120,0.900,0.030
18.125,0.900,0.030
18.130,0.900,0.030
18.135,0.900,0.030
18.140,0.900,0.030
18.145,0.900,0.030
18.150,0.900,0.030
18.155,0.900,0.030
18.160,0.900,0.030
18.165,0.900,0.030
18.170,0.900,0.030
18.175,0.900,0.030
18.180,0.900,0.030
18.185,0.900,0.030
18.190,0.900,0.030
18.195,0.900,0.030
18.200,0.900,0.030
18.205,0.900,0.030
18.210,0.900,0.030
18.215,0.900,0.030
18.220,0.900,0.030
18.225,0.900,0.030
18.230,0.900,0.030
18.235,0.900,0.030
18.240,0.900,0.030
18.245,0.900,0.030
18.250,0.900,0.030
18.255,0.900,0.030
18.260,0.900,0.030
18.265,0.900,0.030
18.270,0.900,0.030
18.275,0.900,0.030
18.280,0.900,0.030
18.285,0.900,0.030
18.290,0.900,0.030
18.295,0.900,0.030
18.300,0.900,0.030
18.305,0.900,0.030
18.310,0.900,0.030
18.315,0.900,0.030
18.320,0.900,0.030
18.325,0.900,0.030
18.330,0.900,0.030
18.335,0.900,0.030
18.340,0.900,0.030
18.345,0.900,0.030
18.350,0.900,0.030
18.355,0.900,0.030
18.360,0.900,0.030
18.365,0.900,0.030
18.370,0.900,0.030
18.375,0.900,0.030
18.380,0.900,0.030
18.385,0.900,0.030
18.390,0.900,0.030
18.395,0.900,0.030
18.400,0.900,0.030
18.405,0.900,0.030
18.410,0.900,0.030
18.415,0.900,0.030
18.420,0.900,0.030
18.425,0.900,0.030
18.430,0.900,0.030
18.435,0.900,0.030
18.440,0.900,0.030
18.445,0.900,0.030
18.450,0.900,0.030
18.455,0.900,0.030
18.460,0.900,0.030
18.465,0.900,0.030
18.470,0.900,0.030
18.475,0.900,0.030
18.480,0.900,0.030
18.485,0.900,0.030
18.490,0.900,0.030
18.495,0.900,0.030
18.500,0.900,0.030
18.505,0.900,0.030
18.510,0.900,0.030
18.515,0.900,0.030
18.520,0.900,0.030
18.525,0.900,0.030
18.530,0.900,0.030
18.535,0.900,0.030
18.540,0.900,0.030
18.545,0.900,0.030
18.550,0.900,0.030
18.555,0.900,0.030
18.560,0.900,0.030
18.565,0.900,0.030
18.570,0.900,0.030
18.575,0.900,0.030
18.580,0.900,0.030
18.585,0.900,0.030
18.590,0.900,0.030
18.595,0.900,0.030
18.600,0.900,0.030
18.605,0.900,0.030
18.610,0.900,0.030
18.615,0.900,0.030
18.620,0.900,0.030
18.625,0.900,0.030
18.630,0.900,0.030
18.635,0.900,0.030
18.640,0.900,0.030
18.645,0.900,0.030
18.650,0.900,0.030
18.655,0.900,0.030
18.660,0.900,0.030
18.665,0.900,0.030
18.670,0.900,0.030
18.675,0.900,0.030
18.680,0.900,0.030
18.685,0.900,0.030
18.690,0.900,0.030
18.695,0.900,0.030
18.700,0.900,0.030
18.705,0.900,0.030
18.710,0.900,0.030
18.715,0.900,0.030
18.720,0.900,0.030
18.725,0.900,0.030
18.730,0.900,0.030
18.735,0.900,0.030
18.740,0.900,0.030
18.745,0.900,0.030
18.750,0.900,0.030
18.755,0.900,0.030
18.760,0.900,0.030
18.765,0.900,0.030
18.770,0.900,0.030
18.775,0.900,0.030
18.780,0.900,0.030
18.785,0.900,0.030
18.790,0.900,0.030
18.795,0.900,0.030
18.800,0.900,0.030
18.805,0.900,0.030
18.810,0.900,0.030
18.815,0.900,0.030
18.820,0.900,0.030
18.825,0.900,0.030
18.830,0.900,0.030
18.835,0.900,0.030
18.840,0.900,0.030
18.845,0.900,0.030
18.850,0.900,0.030
18.855,0.900,0.030
18.860,0.900,0.030
18.865,0.900,0.030
18.870,0.900,0.030
18.875,0.900,0.030
18.880,0.900,0.030
18.885,0.900,0.030
18.890,0.900,0.030
18.895,0.900,0.030
18.900,0.900,0.030
18.905,0.900,0.030
18.910,0.900,0.030
18.915,0.900,0.030
18.920,0.900,0.030
18.925,0.900,0.030
18.930,0.900,0.030
18.935,0.900,0.030
18.940,0.900,0.030
18.945,0.900,0.030
18.950,0.900,0.030
18.955,0.900,0.030
18.960,0.900,0.030
18.965,0.900,0.030
18.970,0.900,0.030
18.975,0.900,0.030
18.980,0.900,0.030
18.985,0.900,0.030
18.990,0.900,0.030
18.995,0.900,0.030
19.000,0.900,0.030
19.005,0.900,0.030
19.010,0.900,0.030
19.015,0.900,0.030
19.020,0.900,0.030
19.025,0.900,0.030
19.030,0.900,0.030
19.035,0.900,0.030
19.040,0.900,0.030
19.045,0.900,0.030
19.050,0.900,0.030
19.055,0.900,0.030
19.060,0.900,0.030
19.065,0.900,0.030
19.070,0.900,0.030
19.075,0.900,0.030
19.080,0.900,0.030
19.085,0.900,0.030
19.090,0.900,0.030
19.095,0.900,0.030
19.100,0.900,0.030
19.105,0.900,0.030
19.110,0.900,0.030
19.115,0.900,0.030
19.120,0.900,0.030
19.125,0.900,0.030
19.130,0.900,0.030
19.135,0.900,0.030
19.140,0.900,0.030
19.145,0.900,0.030
19.150,0.900,0.030
19.155,0.900,0.030
19.160,0.900,0.030
19.165,0.900,0.030
19.170,0.900,0.030
19.175,0.900,0.030
19.180,0.900,0.030
19.185,0.900,0.030
19.190,0.900,0.030
19.195,0.900,0.030
19.200,0.900,0.030
19.205,0.900,0.030
19.210,0.900,0.030
19.215,0.900,0.030
19.220,0.900,0.030
19.225,0.900,0.030
19.230,0.900,0.030
19.235,0.900,0.030
19.240,0.900,0.030
19.245,0.900,0.030
19.250,0.900,0.030
19.255,0.900,0.030
19.260,0.900,0.030
19.265,0.900,0.030
19.270,0.900,0.030
19.275,0.900,0.030
19.280,0.900,0.030
19.285,0.900,0.030
19.290,0.900,0.030
19.295,0.900,0.030
19.300,0.900,0.030
19.305,0.900,0.030
19.310,0.900,0.030
19.315,0.900,0.030
19.320,0.900,0.030
19.325,0.900,0.030
19.330,0.900,0.030
19.335,0.900,0.030
19.340,0.900,0.030
19.345,0.900,0.030
19.350,0.900,0.030
19.355,0.900,0.030
19.360,0.900,0.030
19.365,0.900,0.030
19.370,0.900,0.030
19.375,0.900,0.030
19.380,0.900,0.030
19.385,0.900,0.030
19.390,0.900,0.030
19.395,0.900,0.030
19.400,0.900,0.030
19.405,0.900,0.030
19.410,0.900,0.030
19.415,0.900,0.030
19.420,0.900,0.030
19.425,0.900,0.030
19.430,0.900,0.030
19.435,0.900,0.030
19.440,0.900,0.030
19.445,0.900,0.030
19.450,0.900,0.030
19.455,0.900,0.030
19.460,0.900,0.030
19.465,0.900,0.030
19.470,0.900,0.030
19.475,0.900,0.030
19.480,0.900,0.030
19.485,0.900,0.030
19.490,0.900,0.030
19.495,0.900,0.030
19.500,0.900,0.030
19.505,0.900,0.030
19.510,0.900,0.030
19.515,0.900,0.030
19.520,0.900,0.030
19.525,0.900,0.030
19.530,0.900,0.030
19.535,0.900,0.030
19.540,0.900,0.030
19.545,0.900,0.030
19.550,0.900,0.030
19.555,0.900,0.030
19.560,0.900,0.030
19.565,0.900,0.030
19.570,0.900,0.030
19.575,0.900,0.030
19.580,0.900,0.030
19.585,0.900,0.030
19.590,0.900,0.030
19.595,0.900,0.030
19.600,0.900,0.030
19.605,0.900,0.030
19.610,0.900,0.030
19.615,0.900,0.030
19.620,0.900,0.030
19.625,0.900,0.030
19.630,0.900,0.030
19.635,0.900,0.030
19.640,0.900,0.030
19.645,0.900,0.030
19.650,0.900,0.030
19.655,0.900,0.030
19.660,0.900,0.030
19.665,0.900,0.030
19.670,0.900,0.030
19.675,0.900,0.030
19.680,0.900,0.030
19.685,0.900,0.030
19.690,0.900,0.030
19.695,0.900,0.030
19.700,0.900,0.030
19.705,0.900,0.030
19.710,0.900,0.030
19.715,0.900,0.030
19.720,0.900,0.030
19.725,0.900,0.030
19.730,0.900,0.030
19.735,0.900,0.030
19.740,0.900,0.030
19.745,0.900,0.030
19.750,0.900,0.030
19.755,0.900,0.030
19.760,0.900,0.030
19.765,0.900,0.030
19.770,0.900,0.030
19.775,0.900,0.030
19.780,0.900,0.030
19.785,0.900,0.030
19.790,0.900,0.030
19.795,0.900,0.030
19.800,0.900,0.030
19.805,0.900,0.030
19.810,0.900,0.030
19.815,0.900,0.030
19.820,0.900,0.030
19.825,0.900,0.030
19.830,0.900,0.030
19.835,0.899,0.030
19.840,0.899,0.030
19.845,0.899,0.030
19.850,0.899,0.030
19.855,0.898,0.030
19.860,0.897,0.030
19.865,0.896,0.030
19.870,0.895,0.030
19.875,0.894,0.030
19.880,0.892,0.030
19.885,0.889,0.030
19.890,0.886,0.030
19.895,0.882,0.030
19.900,0.877,0.030
19.905,0.871,0.030
19.910,0.864,0.030
19.915,0.856,0.030
19.920,0.846,0.030
19.925,0.834,0.030
19.930,0.820,0.030
19.935,0.805,0.030
19.940,0.788,0.030
19.945,0.768,0.030
19.950,0.746,0.030
19.955,0.722,0.030
19.960,0.696,0.030
19.965,0.668,0.030
19.970,0.638,0.030
19.975,0.606,0.030
19.980,0.573,0.030
19.985,0.539,0.030
19.990,0.504,0.030
19.995,0.468,0.030
