0.400,0.550
0.405,0.550
0.410,0.550
0.415,0.550
0.420,0.550
0.425,0.550
0.430,0.550
0.435,0.550
0.440,0.550
0.445,0.550
0.450,0.550
0.455,0.550
0.460,0.550
0.465,0.550
0.470,0.550
0.475,0.550
0.480,0.550
0.485,0.550
0.490,0.550
0.495,0.550
0.500,0.550
0.505,0.550
0.510,0.550
0.515,0.550
0.520,0.550
0.525,0.550
0.530,0.550
0.535,0.550
0.540,0.550
0.545,0.550
0.550,0.550
0.555,0.550
0.560,0.550
0.565,0.550
0.570,0.550
0.575,0.550
0.580,0.550
0.585,0.550
0.590,0.550
0.595,0.550
0.600,0.550
0.605,0.550
0.610,0.550
0.615,0.550
0.620,0.550
0.625,0.550
0.630,0.550
0.635,0.550
0.640,0.550
0.645,0.550
0.650,0.550
0.655,0.550
0.660,0.550
0.665,0.550
0.670,0.550
0.675,0.550
0.680,0.550
0.685,0.550
0.690,0.550
0.695,0.550
0.700,0.550
0.705,0.550
0.710,0.550
0.715,0.550
0.720,0.550
0.725,0.550
0.730,0.550
0.735,0.550
0.740,0.550
0.745,0.550
0.750,0.550
0.755,0.550
0.760,0.550
0.765,0.550
0.770,0.550
0.775,0.550
0.780,0.550
0.785,0.550
0.790,0.550
0.795,0.550
0.800,0.550
0.805,0.550
0.810,0.550
0.815,0.550
0.820,0.550
0.825,0.550
0.830,0.550
0.835,0.550
0.840,0.550
0.845,0.550
0.850,0.550
0.855,0.550
0.860,0.550
0.865,0.550
0.870,0.550
0.875,0.550
0.880,0.550
0.885,0.550
0.890,0.550
0.895,0.550
0.900,0.550
0.905,0.550
0.910,0.550
0.915,0.550
0.920,0.550
0.925,0.550
0.930,0.550
0.935,0.550
0.940,0.550
0.945,0.550
0.950,0.550
0.955,0.550
0.960,0.550
0.965,0.550
0.970,0.550
0.975,0.550
0.980,0.550
0.985,0.550
0.990,0.550
0.995,0.550
1.000,0.550
1.005,0.550
1.010,0.550
1.015,0.550
1.020,0.550
1.025,0.550
1.030,0.550
1.035,0.550
1.040,0.550
1.045,0.550
1.050,0.550
1.055,0.550
1.060,0.550
1.065,0.550
1.070,0.550
1.075,0.550
1.080,0.550
1.085,0.550
1.090,0.550
1.095,0.550
1.100,0.550
1.105,0.550
1.110,0.550
1.115,0.550
1.120,0.550
1.125,0.550
1.130,0.550
1.135,0.550
1.140,0.550
1.145,0.550
1.150,0.550
1.155,0.550
1.160,0.550
1.165,0.550
1.170,0.550
1.175,0.550
1.180,0.550
1.185,0.550
1.190,0.550
1.195,0.550
1.200,0.550
1.205,0.550
1.210,0.550
1.215,0.550
1.220,0.550
1.225,0.550
1.230,0.550
1.235,0.550
1.240,0.550
1.245,0.550
1.250,0.550
1.255,0.550
1.260,0.550
1.265,0.550
1.270,0.550
1.275,0.550
1.280,0.550
1.285,0.550
1.290,0.550
1.295,0.550
1.300,0.550
1.305,0.550
1.310,0.550
1.315,0.550
1.320,0.550
1.325,0.550
1.330,0.550
1.335,0.550
1.340,0.550
1.345,0.550
1.350,0.550
1.355,0.550
1.360,0.550
1.365,0.550
1.370,0.550
1.375,0.550
1.380,0.550
1.385,0.550
1.390,0.550
1.395,0.550
1.400,0.550
1.405,0.550
1.410,0.550
1.415,0.550
1.420,0.550
1.425,0.550
1.430,0.550
1.435,0.550
1.440,0.550
1.445,0.550
1.450,0.550
1.455,0.550
1.460,0.550
1.465,0.550
1.470,0.550
1.475,0.550
1.480,0.550
1.485,0.550
1.490,0.550
1.495,0.550
1.500,0.550
1.505,0.550
1.510,0.550
1.515,0.550
1.520,0.550
1.525,0.550
1.530,0.550
1.535,0.550
1.540,0.550
1.545,0.550
1.550,0.550
1.555,0.550
1.560,0.550
1.565,0.550
1.570,0.550
1.575,0.550
1.580,0.550
1.585,0.550
1.590,0.550
1.595,0.550
1.600,0.550
1.605,0.550
1.610,0.550
1.615,0.550
1.620,0.550
1.625,0.550
1.630,0.550
1.635,0.550
1.640,0.550
1.645,0.550
1.650,0.550
1.655,0.550
1.660,0.550
1.665,0.550
1.670,0.550
1.675,0.550
1.680,0.550
1.685,0.550
1.690,0.550
1.695,0.550
1.700,0.550
1.705,0.550
1.710,0.550
1.715,0.550
1.720,0.550
1.725,0.550
1.730,0.550
1.735,0.550
1.740,0.550
1.745,0.550
1.750,0.550
1.755,0.550
1.760,0.550
1.765,0.550
1.770,0.550
1.775,0.550
1.780,0.550
1.785,0.550
1.790,0.550
1.795,0.550
1.800,0.550
1.805,0.550
1.810,0.550
1.815,0.550
1.820,0.550
1.825,0.550
1.830,0.550
1.835,0.550
1.840,0.550
1.845,0.550
1.850,0.550
1.855,0.550
1.860,0.550
1.865,0.550
1.870,0.550
1.875,0.550
1.880,0.550
1.885,0.550
1.890,0.550
1.895,0.550
1.900,0.550
1.905,0.550
1.910,0.550
1.915,0.550
1.920,0.550
1.925,0.550
1.930,0.550
1.935,0.550
1.940,0.550
1.945,0.550
1.950,0.550
1.955,0.550
1.960,0.550
1.965,0.550
1.970,0.550
1.975,0.550
1.980,0.550
1.985,0.550
1.990,0.550
1.995,0.550
2.000,0.550
2.005,0.550
2.010,0.550
2.015,0.550
2.020,0.550
2.025,0.550
2.030,0.550
2.035,0.550
2.040,0.550
2.045,0.550
2.050,0.550
2.055,0.550
2.060,0.550
2.065,0.550
2.070,0.550
2.075,0.550
2.080,0.550
2.085,0.550
2.090,0.550
2.095,0.550
2.100,0.550
2.105,0.550
2.110,0.550
2.115,0.550
2.120,0.550
2.125,0.550
2.130,0.550
2.135,0.550
2.140,0.550
2.145,0.550
2.150,0.550
2.155,0.550
2.160,0.550
2.165,0.550
2.170,0.550
2.175,0.550
2.180,0.550
2.185,0.550
2.190,0.550
2.195,0.550
2.200,0.550
2.205,0.550
2.210,0.550
2.215,0.550
2.220,0.550
2.225,0.550
2.230,0.550
2.235,0.550
2.240,0.550
2.245,0.550
2.250,0.550
2.255,0.550
2.260,0.550
2.265,0.550
2.270,0.550
2.275,0.550
2.280,0.550
2.285,0.550
2.290,0.550
2.295,0.550
2.300,0.550
2.305,0.550
2.310,0.550
2.315,0.550
2.320,0.550
2.325,0.550
2.330,0.550
2.335,0.550
2.340,0.550
2.345,0.550
2.350,0.550
2.355,0.550
2.360,0.550
2.365,0.550
2.370,0.550
2.375,0.550
2.380,0.550
2.385,0.550
2.390,0.550
2.395,0.550
2.400,0.550
2.405,0.550
2.410,0.550
2.415,0.550
2.420,0.550
2.425,0.550
2.430,0.550
2.435,0.550
2.440,0.550
2.445,0.550
2.450,0.550
2.455,0.550
2.460,0.550
2.465,0.550
2.470,0.550
2.475,0.550
2.480,0.550
2.485,0.550
2.490,0.550
2.495,0.550
2.500,0.550
2.505,0.550
2.510,0.550
2.515,0.550
2.520,0.550
2.525,0.550
2.530,0.550
2.535,0.550
2.540,0.550
2.545,0.550
2.550,0.550
2.555,0.550
2.560,0.550
2.565,0.550
2.570,0.550
2.575,0.550
2.580,0.550
2.585,0.550
2.590,0.550
2.595,0.550
2.600,0.550
2.605,0.550
2.610,0.550
2.615,0.550
2.620,0.550
2.625,0.550
2.630,0.550
2.635,0.550
2.640,0.550
2.645,0.550
2.650,0.550
2.655,0.550
2.660,0.550
2.665,0.550
2.670,0.550
2.675,0.550
2.680,0.550
2.685,0.550
2.690,0.550
2.695,0.550
2.700,0.550
2.705,0.550
2.710,0.550
2.715,0.550
2.720,0.550
2.725,0.550
2.730,0.550
2.735,0.550
2.740,0.550
2.745,0.550
2.750,0.550
2.755,0.550
2.760,0.550
2.765,0.550
2.770,0.550
2.775,0.550
2.780,0.550
2.785,0.550
2.790,0.550
2.795,0.550
2.800,0.550
2.805,0.550
2.810,0.550
2.815,0.550
2.820,0.550
2.825,0.550
2.830,0.550
2.835,0.550
2.840,0.550
2.845,0.550
2.850,0.550
2.855,0.550
2.860,0.550
2.865,0.550
2.870,0.550
2.875,0.550
2.880,0.550
2.885,0.550
2.890,0.550
2.895,0.550
2.900,0.550
2.905,0.550
2.910,0.550
2.915,0.550
2.920,0.550
2.925,0.550
2.930,0.550
2.935,0.550
2.940,0.550
2.945,0.550
2.950,0.550
2.955,0.550
2.960,0.550
2.965,0.550
2.970,0.550
2.975,0.550
2.980,0.550
2.985,0.550
2.990,0.550
2.995,0.550
3.000,0.550
3.005,0.550
3.010,0.550
3.015,0.550
3.020,0.550
3.025,0.550
3.030,0.550
3.035,0.550
3.040,0.550
3.045,0.550
3.050,0.550
3.055,0.550
3.060,0.550
3.065,0.550
3.070,0.550
3.075,0.550
3.080,0.550
3.085,0.550
3.090,0.550
3.095,0.550
3.100,0.550
3.105,0.550
3.110,0.550
3.115,0.550
3.120,0.550
3.125,0.550
3.130,0.550
3.135,0.550
3.140,0.550
3.145,0.550
3.150,0.550
3.155,0.550
3.160,0.550
3.165,0.550
3.170,0.550
3.175,0.550
3.180,0.550
3.185,0.550
3.190,0.550
3.195,0.550
3.200,0.550
3.205,0.550
3.210,0.550
3.215,0.550
3.220,0.550
3.225,0.550
3.230,0.550
3.235,0.550
3.240,0.550
3.245,0.550
3.250,0.550
3.255,0.550
3.260,0.550
3.265,0.550
3.270,0.550
3.275,0.550
3.280,0.550
3.285,0.550
3.290,0.550
3.295,0.550
3.300,0.550
3.305,0.550
3.310,0.550
3.315,0.550
3.320,0.550
3.325,0.550
3.330,0.550
3.335,0.550
3.340,0.550
3.345,0.550
3.350,0.550
3.355,0.550
3.360,0.550
3.365,0.550
3.370,0.550
3.375,0.550
3.380,0.550
3.385,0.550
3.390,0.550
3.395,0.550
3.400,0.550
3.405,0.550
3.410,0.550
3.415,0.550
3.420,0.550
3.425,0.550
3.430,0.550
3.435,0.550
3.440,0.550
3.445,0.550
3.450,0.550
3.455,0.550
3.460,0.550
3.465,0.550
3.470,0.550
3.475,0.550
3.480,0.550
3.485,0.550
3.490,0.550
3.495,0.550
3.500,0.550
3.505,0.550
3.510,0.550
3.515,0.550
3.520,0.550
3.525,0.550
3.530,0.550
3.535,0.550
3.540,0.550
3.545,0.550
3.550,0.550
3.555,0.550
3.560,0.550
3.565,0.550
3.570,0.550
3.575,0.550
3.580,0.550
3.585,0.550
3.590,0.550
3.595,0.550
3.600,0.550
3.605,0.550
3.610,0.550
3.615,0.550
3.620,0.550
3.625,0.550
3.630,0.550
3.635,0.550
3.640,0.550
3.645,0.550
3.650,0.550
3.655,0.550
3.660,0.550
3.665,0.550
3.670,0.550
3.675,0.550
3.680,0.550
3.685,0.550
3.690,0.550
3.695,0.550
3.700,0.550
3.705,0.550
3.710,0.550
3.715,0.550
3.720,0.550
3.725,0.550
3.730,0.550
3.735,0.550
3.740,0.550
3.745,0.550
3.750,0.550
3.755,0.550
3.760,0.550
3.765,0.550
3.770,0.550
3.775,0.550
3.780,0.550
3.785,0.550
3.790,0.550
3.795,0.550
3.800,0.550
3.805,0.550
3.810,0.550
3.815,0.550
3.820,0.550
3.825,0.550
3.830,0.550
3.835,0.550
3.840,0.550
3.845,0.550
3.850,0.550
3.855,0.550
3.860,0.550
3.865,0.550
3.870,0.550
3.875,0.550
3.880,0.550
3.885,0.550
3.890,0.550
3.895,0.550
3.900,0.550
3.905,0.550
3.910,0.550
3.915,0.550
3.920,0.550
3.925,0.550
3.930,0.550
3.935,0.550
3.940,0.550
3.945,0.550
3.950,0.550
3.955,0.550
3.960,0.550
3.965,0.550
3.970,0.550
3.975,0.550
3.980,0.550
3.985,0.550
3.990,0.550
3.995,0.550
4.000,0.550
4.005,0.550
4.010,0.550
4.015,0.550
4.020,0.550
4.025,0.550
4.030,0.550
4.035,0.550
4.040,0.550
4.045,0.550
4.050,0.550
4.055,0.550
4.060,0.550
4.065,0.550
4.070,0.550
4.075,0.550
4.080,0.550
4.085,0.550
4.090,0.550
4.095,0.550
4.100,0.550
4.105,0.550
4.110,0.550
4.115,0.550
4.120,0.550
4.125,0.550
4.130,0.550
4.135,0.550
4.140,0.550
4.145,0.550
4.150,0.550
4.155,0.550
4.160,0.550
4.165,0.550
4.170,0.550
4.175,0.550
4.180,0.550
4.185,0.550
4.190,0.550
4.195,0.550
4.200,0.550
4.205,0.550
4.210,0.550
4.215,0.550
4.220,0.550
4.225,0.550
4.230,0.550
4.235,0.550
4.240,0.550
4.245,0.550
4.250,0.550
4.255,0.550
4.260,0.550
4.265,0.550
4.270,0.550
4.275,0.550
4.280,0.550
4.285,0.550
4.290,0.550
4.295,0.550
4.300,0.550
4.305,0.550
4.310,0.550
4.315,0.550
4.320,0.550
4.325,0.550
4.330,0.550
4.335,0.550
4.340,0.550
4.345,0.550
4.350,0.550
4.355,0.550
4.360,0.550
4.365,0.550
4.370,0.550
4.375,0.550
4.380,0.550
4.385,0.550
4.390,0.550
4.395,0.550
4.400,0.550
4.405,0.550
4.410,0.550
4.415,0.550
4.420,0.550
4.425,0.550
4.430,0.550
4.435,0.550
4.440,0.550
4.445,0.550
4.450,0.550
4.455,0.550
4.460,0.550
4.465,0.550
4.470,0.550
4.475,0.550
4.480,0.550
4.485,0.550
4.490,0.550
4.495,0.550
4.500,0.550
4.505,0.550
4.510,0.550
4.515,0.550
4.520,0.550
4.525,0.550
4.530,0.550
4.535,0.550
4.540,0.550
4.545,0.550
4.550,0.550
4.555,0.550
4.560,0.550
4.565,0.550
4.570,0.550
4.575,0.550
4.580,0.550
4.585,0.550
4.590,0.550
4.595,0.550
4.600,0.550
4.605,0.550
4.610,0.550
4.615,0.550
4.620,0.550
4.625,0.550
4.630,0.550
4.635,0.550
4.640,0.550
4.645,0.550
4.650,0.550
4.655,0.550
4.660,0.550
4.665,0.550
4.670,0.550
4.675,0.550
4.680,0.550
4.685,0.550
4.690,0.550
4.695,0.550
4.700,0.550
4.705,0.550
4.710,0.550
4.715,0.550
4.720,0.550
4.725,0.550
4.730,0.550
4.735,0.550
4.740,0.550
4.745,0.550
4.750,0.550
4.755,0.550
4.760,0.550
4.765,0.550
4.770,0.550
4.775,0.550
4.780,0.550
4.785,0.550
4.790,0.550
4.795,0.550
4.800,0.550
4.805,0.550
4.810,0.550
4.815,0.550
4.820,0.550
4.825,0.550
4.830,0.550
4.835,0.550
4.840,0.550
4.845,0.550
4.850,0.550
4.855,0.550
4.860,0.550
4.865,0.550
4.870,0.550
4.875,0.550
4.880,0.550
4.885,0.550
4.890,0.550
4.895,0.550
4.900,0.550
4.905,0.550
4.910,0.550
4.915,0.550
4.920,0.550
4.925,0.550
4.930,0.550
4.935,0.550
4.940,0.550
4.945,0.550
4.950,0.550
4.955,0.550
4.960,0.550
4.965,0.550
4.970,0.550
4.975,0.550
4.980,0.550
4.985,0.550
4.990,0.550
4.995,0.550
5.000,0.550
5.005,0.550
5.010,0.550
5.015,0.550
5.020,0.550
5.025,0.550
5.030,0.550
5.035,0.550
5.040,0.550
5.045,0.550
5.050,0.550
5.055,0.550
5.060,0.550
5.065,0.550
5.070,0.550
5.075,0.550
5.080,0.550
5.085,0.550
5.090,0.550
5.095,0.550
5.100,0.550
5.105,0.550
5.110,0.550
5.115,0.550
5.120,0.550
5.125,0.550
5.130,0.550
5.135,0.550
5.140,0.550
5.145,0.550
5.150,0.550
5.155,0.550
5.160,0.550
5.165,0.550
5.170,0.550
5.175,0.550
5.180,0.550
5.185,0.550
5.190,0.550
5.195,0.550
5.200,0.550
5.205,0.550
5.210,0.550
5.215,0.550
5.220,0.550
5.225,0.550
5.230,0.550
5.235,0.550
5.240,0.550
5.245,0.550
5.250,0.550
5.255,0.550
5.260,0.550
5.265,0.550
5.270,0.550
5.275,0.550
5.280,0.550
5.285,0.550
5.290,0.550
5.295,0.550
5.300,0.550
5.305,0.550
5.310,0.550
5.315,0.550
5.320,0.550
5.325,0.550
5.330,0.550
5.335,0.550
5.340,0.550
5.345,0.550
5.350,0.550
5.355,0.550
5.360,0.550
5.365,0.550
5.370,0.550
5.375,0.550
5.380,0.550
5.385,0.550
5.390,0.550
5.395,0.550
5.400,0.550
5.405,0.550
5.410,0.550
5.415,0.550
5.420,0.550
5.425,0.550
5.430,0.550
5.435,0.550
5.440,0.550
5.445,0.550
5.450,0.550
5.455,0.550
5.460,0.550
5.465,0.550
5.470,0.550
5.475,0.550
5.480,0.550
5.485,0.550
5.490,0.550
5.495,0.550
5.500,0.550
5.505,0.550
5.510,0.550
5.515,0.550
5.520,0.550
5.525,0.550
5.530,0.550
5.535,0.550
5.540,0.550
5.545,0.550
5.550,0.550
5.555,0.550
5.560,0.550
5.565,0.550
5.570,0.550
5.575,0.550
5.580,0.550
5.585,0.550
5.590,0.550
5.595,0.550
5.600,0.550
5.605,0.550
5.610,0.550
5.615,0.550
5.620,0.550
5.625,0.550
5.630,0.550
5.635,0.550
5.640,0.550
5.645,0.550
5.650,0.550
5.655,0.550
5.660,0.550
5.665,0.550
5.670,0.550
5.675,0.550
5.680,0.550
5.685,0.550
5.690,0.550
5.695,0.550
5.700,0.550
5.705,0.550
5.710,0.550
5.715,0.550
5.720,0.550
5.725,0.550
5.730,0.550
5.735,0.550
5.740,0.550
5.745,0.550
5.750,0.550
5.755,0.550
5.760,0.550
5.765,0.550
5.770,0.550
5.775,0.550
5.780,0.550
5.785,0.550
5.790,0.550
5.795,0.550
5.800,0.550
5.805,0.550
5.810,0.550
5.815,0.550
5.820,0.550
5.825,0.550
5.830,0.550
5.835,0.550
5.840,0.550
5.845,0.550
5.850,0.550
5.855,0.550
5.860,0.550
5.865,0.550
5.870,0.550
5.875,0.550
5.880,0.550
5.885,0.550
5.890,0.550
5.895,0.550
5.900,0.550
5.905,0.550
5.910,0.550
5.915,0.550
5.920,0.550
5.925,0.550
5.930,0.550
5.935,0.550
5.940,0.550
5.945,0.550
5.950,0.550
5.955,0.550
5.960,0.550
5.965,0.550
5.970,0.550
5.975,0.550
5.980,0.550
5.985,0.550
5.990,0.550
5.995,0.550
6.000,0.550
6.005,0.550
6.010,0.550
6.015,0.550
6.020,0.550
6.025,0.550
6.030,0.550
6.035,0.550
6.040,0.550
6.045,0.550
6.050,0.550
6.055,0.550
6.060,0.550
6.065,0.550
6.070,0.550
6.075,0.550
6.080,0.550
6.085,0.550
6.090,0.550
6.095,0.550
6.100,0.550
6.105,0.550
6.110,0.550
6.115,0.550
6.120,0.550
6.125,0.550
6.130,0.550
6.135,0.550
6.140,0.550
6.145,0.550
6.150,0.550
6.155,0.550
6.160,0.550
6.165,0.550
6.170,0.550
6.175,0.550
6.180,0.550
6.185,0.550
6.190,0.550
6.195,0.550
6.200,0.550
6.205,0.550
6.210,0.550
6.215,0.550
6.220,0.550
6.225,0.550
6.230,0.550
6.235,0.550
6.240,0.550
6.245,0.550
6.250,0.550
6.255,0.550
6.260,0.550
6.265,0.550
6.270,0.550
6.275,0.550
6.280,0.550
6.285,0.550
6.290,0.550
6.295,0.550
6.300,0.550
6.305,0.550
6.310,0.550
6.315,0.550
6.320,0.550
6.325,0.550
6.330,0.550
6.335,0.550
6.340,0.550
6.345,0.550
6.350,0.550
6.355,0.550
6.360,0.550
6.365,0.550
6.370,0.550
6.375,0.550
6.380,0.550
6.385,0.550
6.390,0.550
6.395,0.550
6.400,0.550
6.405,0.550
6.410,0.550
6.415,0.550
6.420,0.550
6.425,0.550
6.430,0.550
6.435,0.550
6.440,0.550
6.445,0.550
6.450,0.550
6.455,0.550
6.460,0.550
6.465,0.550
6.470,0.550
6.475,0.550
6.480,0.550
6.485,0.550
6.490,0.550
6.495,0.550
6.500,0.550
6.505,0.550
6.510,0.550
6.515,0.550
6.520,0.550
6.525,0.550
6.530,0.550
6.535,0.550
6.540,0.550
6.545,0.550
6.550,0.550
6.555,0.550
6.560,0.550
6.565,0.550
6.570,0.550
6.575,0.550
6.580,0.550
6.585,0.550
6.590,0.550
6.595,0.550
6.600,0.550
6.605,0.550
6.610,0.550
6.615,0.550
6.620,0.550
6.625,0.550
6.630,0.550
6.635,0.550
6.640,0.550
6.645,0.550
6.650,0.550
6.655,0.550
6.660,0.550
6.665,0.550
6.670,0.550
6.675,0.550
6.680,0.550
6.685,0.550
6.690,0.550
6.695,0.550
6.700,0.550
6.705,0.550
6.710,0.550
6.715,0.550
6.720,0.550
6.725,0.550
6.730,0.550
6.735,0.550
6.740,0.550
6.745,0.550
6.750,0.550
6.755,0.550
6.760,0.550
6.765,0.550
6.770,0.550
6.775,0.550
6.780,0.550
6.785,0.550
6.790,0.550
6.795,0.550
6.800,0.550
6.805,0.550
6.810,0.550
6.815,0.550
6.820,0.550
6.825,0.550
6.830,0.550
6.835,0.550
6.840,0.550
6.845,0.550
6.850,0.550
6.855,0.550
6.860,0.550
6.865,0.550
6.870,0.550
6.875,0.550
6.880,0.550
6.885,0.550
6.890,0.550
6.895,0.550
6.900,0.550
6.905,0.550
6.910,0.550
6.915,0.550
6.920,0.550
6.925,0.550
6.930,0.550
6.935,0.550
6.940,0.550
6.945,0.550
6.950,0.550
6.955,0.550
6.960,0.550
6.965,0.550
6.970,0.550
6.975,0.550
6.980,0.550
6.985,0.550
6.990,0.550
6.995,0.550
7.000,0.550
7.005,0.550
7.010,0.550
7.015,0.550
7.020,0.550
7.025,0.550
7.030,0.550
7.035,0.550
7.040,0.550
7.045,0.550
7.050,0.550
7.055,0.550
7.060,0.550
7.065,0.550
7.070,0.550
7.075,0.550
7.080,0.550
7.085,0.550
7.090,0.550
7.095,0.550
7.100,0.550
7.105,0.550
7.110,0.550
7.115,0.550
7.120,0.550
7.125,0.550
7.130,0.550
7.135,0.550
7.140,0.550
7.145,0.550
7.150,0.550
7.155,0.550
7.160,0.550
7.165,0.550
7.170,0.550
7.175,0.550
7.180,0.550
7.185,0.550
7.190,0.550
7.195,0.550
7.200,0.550
7.205,0.550
7.210,0.550
7.215,0.550
7.220,0.550
7.225,0.550
7.230,0.550
7.235,0.550
7.240,0.550
7.245,0.550
7.250,0.550
7.255,0.550
7.260,0.550
7.265,0.550
7.270,0.550
7.275,0.550
7.280,0.550
7.285,0.550
7.290,0.550
7.295,0.550
7.300,0.550
7.305,0.550
7.310,0.550
7.315,0.550
7.320,0.550
7.325,0.550
7.330,0.550
7.335,0.550
7.340,0.550
7.345,0.550
7.350,0.550
7.355,0.550
7.360,0.550
7.365,0.550
7.370,0.550
7.375,0.550
7.380,0.550
7.385,0.550
7.390,0.550
7.395,0.550
7.400,0.550
7.405,0.550
7.410,0.550
7.415,0.550
7.420,0.550
7.425,0.550
7.430,0.550
7.435,0.550
7.440,0.550
7.445,0.550
7.450,0.550
7.455,0.550
7.460,0.550
7.465,0.550
7.470,0.550
7.475,0.550
7.480,0.550
7.485,0.550
7.490,0.550
7.495,0.550
7.500,0.550
7.505,0.550
7.510,0.550
7.515,0.550
7.520,0.550
7.525,0.550
7.530,0.550
7.535,0.550
7.540,0.550
7.545,0.550
7.550,0.550
7.555,0.550
7.560,0.550
7.565,0.550
7.570,0.550
7.575,0.550
7.580,0.550
7.585,0.550
7.590,0.550
7.595,0.550
7.600,0.550
7.605,0.550
7.610,0.550
7.615,0.550
7.620,0.550
7.625,0.550
7.630,0.550
7.635,0.550
7.640,0.550
7.645,0.550
7.650,0.550
7.655,0.550
7.660,0.550
7.665,0.550
7.670,0.550
7.675,0.550
7.680,0.550
7.685,0.550
7.690,0.550
7.695,0.550
7.700,0.550
7.705,0.550
7.710,0.550
7.715,0.550
7.720,0.550
7.725,0.550
7.730,0.550
7.735,0.550
7.740,0.550
7.745,0.550
7.750,0.550
7.755,0.550
7.760,0.550
7.765,0.550
7.770,0.550
7.775,0.550
7.780,0.550
7.785,0.550
7.790,0.550
7.795,0.550
7.800,0.550
7.805,0.550
7.810,0.550
7.815,0.550
7.820,0.550
7.825,0.550
7.830,0.550
7.835,0.550
7.840,0.550
7.845,0.550
7.850,0.550
7.855,0.550
7.860,0.550
7.865,0.550
7.870,0.550
7.875,0.550
7.880,0.550
7.885,0.550
7.890,0.550
7.895,0.550
7.900,0.550
7.905,0.550
7.910,0.550
7.915,0.550
7.920,0.550
7.925,0.550
7.930,0.550
7.935,0.550
7.940,0.550
7.945,0.550
7.950,0.550
7.955,0.550
7.960,0.550
7.965,0.550
7.970,0.550
7.975,0.550
7.980,0.550
7.985,0.550
7.990,0.550
7.995,0.550
8.000,0.550
8.005,0.550
8.010,0.550
8.015,0.550
8.020,0.550
8.025,0.550
8.030,0.550
8.035,0.550
8.040,0.550
8.045,0.550
8.050,0.550
8.055,0.550
8.060,0.550
8.065,0.550
8.070,0.550
8.075,0.550
8.080,0.550
8.085,0.550
8.090,0.550
8.095,0.550
8.100,0.550
8.105,0.550
8.110,0.550
8.115,0.550
8.120,0.550
8.125,0.550
8.130,0.550
8.135,0.550
8.140,0.550
8.145,0.550
8.150,0.550
8.155,0.550
8.160,0.550
8.165,0.550
8.170,0.550
8.175,0.550
8.180,0.550
8.185,0.550
8.190,0.550
8.195,0.550
8.200,0.550
8.205,0.550
8.210,0.550
8.215,0.550
8.220,0.550
8.225,0.550
8.230,0.550
8.235,0.550
8.240,0.550
8.245,0.550
8.250,0.550
8.255,0.550
8.260,0.550
8.265,0.550
8.270,0.550
8.275,0.550
8.280,0.550
8.285,0.550
8.290,0.550
8.295,0.550
8.300,0.550
8.305,0.550
8.310,0.550
8.315,0.550
8.320,0.550
8.325,0.550
8.330,0.550
8.335,0.550
8.340,0.550
8.345,0.550
8.350,0.550
8.355,0.550
8.360,0.550
8.365,0.550
8.370,0.550
8.375,0.550
8.380,0.550
8.385,0.550
8.390,0.550
8.395,0.550
8.400,0.550
8.405,0.550
8.410,0.550
8.415,0.550
8.420,0.550
8.425,0.550
8.430,0.550
8.435,0.550
8.440,0.550
8.445,0.550
8.450,0.550
8.455,0.550
8.460,0.550
8.465,0.550
8.470,0.550
8.475,0.550
8.480,0.550
8.485,0.550
8.490,0.550
8.495,0.550
8.500,0.550
8.505,0.550
8.510,0.550
8.515,0.550
8.520,0.550
8.525,0.550
8.530,0.550
8.535,0.550
8.540,0.550
8.545,0.550
8.550,0.550
8.555,0.550
8.560,0.550
8.565,0.550
8.570,0.550
8.575,0.550
8.580,0.550
8.585,0.550
8.590,0.550
8.595,0.550
8.600,0.550
8.605,0.550
8.610,0.550
8.615,0.550
8.620,0.550
8.625,0.550
8.630,0.550
8.635,0.550
8.640,0.550
8.645,0.550
8.650,0.550
8.655,0.550
8.660,0.550
8.665,0.550
8.670,0.550
8.675,0.550
8.680,0.550
8.685,0.550
8.690,0.550
8.695,0.550
8.700,0.550
8.705,0.550
8.710,0.550
8.715,0.550
8.720,0.550
8.725,0.550
8.730,0.550
8.735,0.550
8.740,0.550
8.745,0.550
8.750,0.550
8.755,0.550
8.760,0.550
8.765,0.550
8.770,0.550
8.775,0.550
8.780,0.550
8.785,0.550
8.790,0.550
8.795,0.550
8.800,0.550
8.805,0.550
8.810,0.550
8.815,0.550
8.820,0.550
8.825,0.550
8.830,0.550
8.835,0.550
8.840,0.550
8.845,0.550
8.850,0.550
8.855,0.550
8.860,0.550
8.865,0.550
8.870,0.550
8.875,0.550
8.880,0.550
8.885,0.550
8.890,0.550
8.895,0.550
8.900,0.550
8.905,0.550
8.910,0.550
8.915,0.550
8.920,0.550
8.925,0.550
8.930,0.550
8.935,0.550
8.940,0.550
8.945,0.550
8.950,0.550
8.955,0.550
8.960,0.550
8.965,0.550
8.970,0.550
8.975,0.550
8.980,0.550
8.985,0.550
8.990,0.550
8.995,0.550
9.000,0.550
9.005,0.550
9.010,0.550
9.015,0.550
9.020,0.550
9.025,0.550
9.030,0.550
9.035,0.550
9.040,0.550
9.045,0.550
9.050,0.550
9.055,0.550
9.060,0.550
9.065,0.550
9.070,0.550
9.075,0.550
9.080,0.550
9.085,0.550
9.090,0.550
9.095,0.550
9.100,0.550
9.105,0.550
9.110,0.550
9.115,0.550
9.120,0.550
9.125,0.550
9.130,0.550
9.135,0.550
9.140,0.550
9.145,0.550
9.150,0.550
9.155,0.550
9.160,0.550
9.165,0.550
9.170,0.550
9.175,0.550
9.180,0.550
9.185,0.550
9.190,0.550
9.195,0.550
9.200,0.550
9.205,0.550
9.210,0.550
9.215,0.550
9.220,0.550
9.225,0.550
9.230,0.550
9.235,0.550
9.240,0.550
9.245,0.550
9.250,0.550
9.255,0.550
9.260,0.550
9.265,0.550
9.270,0.550
9.275,0.550
9.280,0.550
9.285,0.550
9.290,0.550
9.295,0.550
9.300,0.550
9.305,0.550
9.310,0.550
9.315,0.550
9.320,0.550
9.325,0.550
9.330,0.550
9.335,0.550
9.340,0.550
9.345,0.550
9.350,0.550
9.355,0.550
9.360,0.550
9.365,0.550
9.370,0.550
9.375,0.550
9.380,0.550
9.385,0.550
9.390,0.550
9.395,0.550
9.400,0.550
9.405,0.550
9.410,0.550
9.415,0.550
9.420,0.550
9.425,0.550
9.430,0.550
9.435,0.550
9.440,0.550
9.445,0.550
9.450,0.550
9.455,0.550
9.460,0.550
9.465,0.550
9.470,0.550
9.475,0.550
9.480,0.550
9.485,0.550
9.490,0.550
9.495,0.550
9.500,0.550
9.505,0.550
9.510,0.550
9.515,0.550
9.520,0.550
9.525,0.550
9.530,0.550
9.535,0.550
9.540,0.550
9.545,0.550
9.550,0.550
9.555,0.550
9.560,0.550
9.565,0.550
9.570,0.550
9.575,0.550
9.580,0.550
9.585,0.550
9.590,0.550
9.595,0.550
9.600,0.550
9.605,0.550
9.610,0.550
9.615,0.550
9.620,0.550
9.625,0.550
9.630,0.550
9.635,0.550
9.640,0.550
9.645,0.550
9.650,0.550
9.655,0.550
9.660,0.550
9.665,0.550
9.670,0.550
9.675,0.550
9.680,0.550
9.685,0.550
9.690,0.550
9.695,0.550
9.700,0.550
9.705,0.550
9.710,0.550
9.715,0.550
9.720,0.550
9.725,0.550
9.730,0.550
9.735,0.550
9.740,0.550
9.745,0.550
9.750,0.550
9.755,0.550
9.760,0.550
9.765,0.550
9.770,0.550
9.775,0.550
9.780,0.550
9.785,0.550
9.790,0.550
9.795,0.550
9.800,0.550
9.805,0.550
9.810,0.550
9.815,0.550
9.820,0.550
9.825,0.550
9.830,0.550
9.835,0.550
9.840,0.550
9.845,0.550
9.850,0.550
9.855,0.550
9.860,0.550
9.865,0.550
9.870,0.550
9.875,0.550
9.880,0.550
9.885,0.550
9.890,0.550
9.895,0.550
9.900,0.550
9.905,0.550
9.910,0.550
9.915,0.550
9.920,0.550
9.925,0.550
9.930,0.550
9.935,0.550
9.940,0.550
9.945,0.550
9.950,0.550
9.955,0.550
9.960,0.550
9.965,0.550
9.970,0.550
9.975,0.550
9.980,0.550
9.985,0.550
9.990,0.550
9.995,0.550
10.000,0.550
10.005,0.550
10.010,0.550
10.015,0.550
10.020,0.550
10.025,0.550
10.030,0.550
10.035,0.550
10.040,0.550
10.045,0.550
10.050,0.550
10.055,0.550
10.060,0.550
10.065,0.550
10.070,0.550
10.075,0.550
10.080,0.550
10.085,0.550
10.090,0.550
10.095,0.550
10.100,0.550
10.105,0.550
10.110,0.550
10.115,0.550
10.120,0.550
10.125,0.550
10.130,0.550
10.135,0.550
10.140,0.550
10.145,0.550
10.150,0.550
10.155,0.550
10.160,0.550
10.165,0.550
10.170,0.550
10.175,0.550
10.180,0.550
10.185,0.550
10.190,0.550
10.195,0.550
10.200,0.550
10.205,0.550
10.210,0.550
10.215,0.550
10.220,0.550
10.225,0.550
10.230,0.550
10.235,0.550
10.240,0.550
10.245,0.550
10.250,0.550
10.255,0.550
10.260,0.550
10.265,0.550
10.270,0.550
10.275,0.550
10.280,0.550
10.285,0.550
10.290,0.550
10.295,0.550
10.300,0.550
10.305,0.550
10.310,0.550
10.315,0.550
10.320,0.550
10.325,0.550
10.330,0.550
10.335,0.550
10.340,0.550
10.345,0.550
10.350,0.550
10.355,0.550
10.360,0.550
10.365,0.550
10.370,0.550
10.375,0.550
10.380,0.550
10.385,0.550
10.390,0.550
10.395,0.550
10.400,0.550
10.405,0.550
10.410,0.550
10.415,0.550
10.420,0.550
10.425,0.550
10.430,0.550
10.435,0.550
10.440,0.550
10.445,0.550
10.450,0.550
10.455,0.550
10.460,0.550
10.465,0.550
10.470,0.550
10.475,0.550
10.480,0.550
10.485,0.550
10.490,0.550
10.495,0.550
10.500,0.550
10.505,0.550
10.510,0.550
10.515,0.550
10.520,0.550
10.525,0.550
10.530,0.550
10.535,0.550
10.540,0.550
10.545,0.550
10.550,0.550
10.555,0.550
10.560,0.550
10.565,0.550
10.570,0.550
10.575,0.550
10.580,0.550
10.585,0.550
10.590,0.550
10.595,0.550
10.600,0.550
10.605,0.550
10.610,0.550
10.615,0.550
10.620,0.550
10.625,0.550
10.630,0.550
10.635,0.550
10.640,0.550
10.645,0.550
10.650,0.550
10.655,0.550
10.660,0.550
10.665,0.550
10.670,0.550
10.675,0.550
10.680,0.550
10.685,0.550
10.690,0.550
10.695,0.550
10.700,0.550
10.705,0.550
10.710,0.550
10.715,0.550
10.720,0.550
10.725,0.550
10.730,0.550
10.735,0.550
10.740,0.550
10.745,0.550
10.750,0.550
10.755,0.550
10.760,0.550
10.765,0.550
10.770,0.550
10.775,0.550
10.780,0.550
10.785,0.550
10.790,0.550
10.795,0.550
10.800,0.550
10.805,0.550
10.810,0.550
10.815,0.550
10.820,0.550
10.825,0.550
10.830,0.550
10.835,0.550
10.840,0.550
10.845,0.550
10.850,0.550
10.855,0.550
10.860,0.550
10.865,0.550
10.870,0.550
10.875,0.550
10.880,0.550
10.885,0.550
10.890,0.550
10.895,0.550
10.900,0.550
10.905,0.550
10.910,0.550
10.915,0.550
10.920,0.550
10.925,0.550
10.930,0.550
10.935,0.550
10.940,0.550
10.945,0.550
10.950,0.550
10.955,0.550
10.960,0.550
10.965,0.550
10.970,0.550
10.975,0.550
10.980,0.550
10.985,0.550
10.990,0.550
10.995,0.550
11.000,0.550
11.005,0.550
11.010,0.550
11.015,0.550
11.020,0.550
11.025,0.550
11.030,0.550
11.035,0.550
11.040,0.550
11.045,0.550
11.050,0.550
11.055,0.550
11.060,0.550
11.065,0.550
11.070,0.550
11.075,0.550
11.080,0.550
11.085,0.550
11.090,0.550
11.095,0.550
11.100,0.550
11.105,0.550
11.110,0.550
11.115,0.550
11.120,0.550
11.125,0.550
11.130,0.550
11.135,0.550
11.140,0.550
11.145,0.550
11.150,0.550
11.155,0.550
11.160,0.550
11.165,0.550
11.170,0.550
11.175,0.550
11.180,0.550
11.185,0.550
11.190,0.550
11.195,0.550
11.200,0.550
11.205,0.550
11.210,0.550
11.215,0.550
11.220,0.550
11.225,0.550
11.230,0.550
11.235,0.550
11.240,0.550
11.245,0.550
11.250,0.550
11.255,0.550
11.260,0.550
11.265,0.550
11.270,0.550
11.275,0.550
11.280,0.550
11.285,0.550
11.290,0.550
11.295,0.550
11.300,0.550
11.305,0.550
11.310,0.550
11.315,0.550
11.320,0.550
11.325,0.550
11.330,0.550
11.335,0.550
11.340,0.550
11.345,0.550
11.350,0.550
11.355,0.550
11.360,0.550
11.365,0.550
11.370,0.550
11.375,0.550
11.380,0.550
11.385,0.550
11.390,0.550
11.395,0.550
11.400,0.550
11.405,0.550
11.410,0.550
11.415,0.550
11.420,0.550
11.425,0.550
11.430,0.550
11.435,0.550
11.440,0.550
11.445,0.550
11.450,0.550
11.455,0.550
11.460,0.550
11.465,0.550
11.470,0.550
11.475,0.550
11.480,0.550
11.485,0.550
11.490,0.550
11.495,0.550
11.500,0.550
11.505,0.550
11.510,0.550
11.515,0.550
11.520,0.550
11.525,0.550
11.530,0.550
11.535,0.550
11.540,0.550
11.545,0.550
11.550,0.550
11.555,0.550
11.560,0.550
11.565,0.550
11.570,0.550
11.575,0.550
11.580,0.550
11.585,0.550
11.590,0.550
11.595,0.550
11.600,0.550
11.605,0.550
11.610,0.550
11.615,0.550
11.620,0.550
11.625,0.550
11.630,0.550
11.635,0.550
11.640,0.550
11.645,0.550
11.650,0.550
11.655,0.550
11.660,0.550
11.665,0.550
11.670,0.550
11.675,0.550
11.680,0.550
11.685,0.550
11.690,0.550
11.695,0.550
11.700,0.550
11.705,0.550
11.710,0.550
11.715,0.550
11.720,0.550
11.725,0.550
11.730,0.550
11.735,0.550
11.740,0.550
11.745,0.550
11.750,0.550
11.755,0.550
11.760,0.550
11.765,0.550
11.770,0.550
11.775,0.550
11.780,0.550
11.785,0.550
11.790,0.550
11.795,0.550
11.800,0.550
11.805,0.550
11.810,0.550
11.815,0.550
11.820,0.550
11.825,0.550
11.830,0.550
11.835,0.550
11.840,0.550
11.845,0.550
11.850,0.550
11.855,0.550
11.860,0.550
11.865,0.550
11.870,0.550
11.875,0.550
11.880,0.550
11.885,0.550
11.890,0.550
11.895,0.550
11.900,0.550
11.905,0.550
11.910,0.550
11.915,0.550
11.920,0.550
11.925,0.550
11.930,0.550
11.935,0.550
11.940,0.550
11.945,0.550
11.950,0.550
11.955,0.550
11.960,0.550
11.965,0.550
11.970,0.550
11.975,0.550
11.980,0.550
11.985,0.550
11.990,0.550
11.995,0.550
12.000,0.550
12.005,0.550
12.010,0.550
12.015,0.550
12.020,0.550
12.025,0.550
12.030,0.550
12.035,0.550
12.040,0.550
12.045,0.550
12.050,0.550
12.055,0.550
12.060,0.550
12.065,0.550
12.070,0.550
12.075,0.550
12.080,0.550
12.085,0.550
12.090,0.550
12.095,0.550
12.100,0.550
12.105,0.550
12.110,0.550
12.115,0.550
12.120,0.550
12.125,0.550
12.130,0.550
12.135,0.550
12.140,0.550
12.145,0.550
12.150,0.550
12.155,0.550
12.160,0.550
12.165,0.550
12.170,0.550
12.175,0.550
12.180,0.550
12.185,0.550
12.190,0.550
12.195,0.550
12.200,0.550
12.205,0.550
12.210,0.550
12.215,0.550
12.220,0.550
12.225,0.550
12.230,0.550
12.235,0.550
12.240,0.550
12.245,0.550
12.250,0.550
12.255,0.550
12.260,0.550
12.265,0.550
12.270,0.550
12.275,0.550
12.280,0.550
12.285,0.550
12.290,0.550
12.295,0.550
12.300,0.550
12.305,0.550
12.310,0.550
12.315,0.550
12.320,0.550
12.325,0.550
12.330,0.550
12.335,0.550
12.340,0.550
12.345,0.550
12.350,0.550
12.355,0.550
12.360,0.550
12.365,0.550
12.370,0.550
12.375,0.550
12.380,0.550
12.385,0.550
12.390,0.550
12.395,0.550
12.400,0.550
12.405,0.550
12.410,0.550
12.415,0.550
12.420,0.550
12.425,0.550
12.430,0.550
12.435,0.550
12.440,0.550
12.445,0.550
12.450,0.550
12.455,0.550
12.460,0.550
12.465,0.550
12.470,0.550
12.475,0.550
12.480,0.550
12.485,0.550
12.490,0.550
12.495,0.550
12.500,0.550
12.505,0.550
12.510,0.550
12.515,0.550
12.520,0.550
12.525,0.550
12.530,0.550
12.535,0.550
12.540,0.550
12.545,0.550
12.550,0.550
12.555,0.550
12.560,0.550
12.565,0.550
12.570,0.550
12.575,0.550
12.580,0.550
12.585,0.550
12.590,0.550
12.595,0.550
12.600,0.550
12.605,0.550
12.610,0.550
12.615,0.550
12.620,0.550
12.625,0.550
12.630,0.550
12.635,0.550
12.640,0.550
12.645,0.550
12.650,0.550
12.655,0.550
12.660,0.550
12.665,0.550
12.670,0.550
12.675,0.550
12.680,0.550
12.685,0.550
12.690,0.550
12.695,0.550
12.700,0.550
12.705,0.550
12.710,0.550
12.715,0.550
12.720,0.550
12.725,0.550
12.730,0.550
12.735,0.550
12.740,0.550
12.745,0.550
12.750,0.550
12.755,0.550
12.760,0.550
12.765,0.550
12.770,0.550
12.775,0.550
12.780,0.550
12.785,0.550
12.790,0.550
12.795,0.550
12.800,0.550
12.805,0.550
12.810,0.550
12.815,0.550
12.820,0.550
12.825,0.550
12.830,0.550
12.835,0.550
12.840,0.550
12.845,0.550
12.850,0.550
12.855,0.550
12.860,0.550
12.865,0.550
12.870,0.550
12.875,0.550
12.880,0.550
12.885,0.550
12.890,0.550
12.895,0.550
12.900,0.550
12.905,0.550
12.910,0.550
12.915,0.550
12.920,0.550
12.925,0.550
12.930,0.550
12.935,0.550
12.940,0.550
12.945,0.550
12.950,0.550
12.955,0.550
12.960,0.550
12.965,0.550
12.970,0.550
12.975,0.550
12.980,0.550
12.985,0.550
12.990,0.550
12.995,0.550
13.000,0.550
13.005,0.550
13.010,0.550
13.015,0.550
13.020,0.550
13.025,0.550
13.030,0.550
13.035,0.550
13.040,0.550
13.045,0.550
13.050,0.550
13.055,0.550
13.060,0.550
13.065,0.550
13.070,0.550
13.075,0.550
13.080,0.550
13.085,0.550
13.090,0.550
13.095,0.550
13.100,0.550
13.105,0.550
13.110,0.550
13.115,0.550
13.120,0.550
13.125,0.550
13.130,0.550
13.135,0.550
13.140,0.550
13.145,0.550
13.150,0.550
13.155,0.550
13.160,0.550
13.165,0.550
13.170,0.550
13.175,0.550
13.180,0.550
13.185,0.550
13.190,0.550
13.195,0.550
13.200,0.550
13.205,0.550
13.210,0.550
13.215,0.550
13.220,0.550
13.225,0.550
13.230,0.550
13.235,0.550
13.240,0.550
13.245,0.550
13.250,0.550
13.255,0.550
13.260,0.550
13.265,0.550
13.270,0.550
13.275,0.550
13.280,0.550
13.285,0.550
13.290,0.550
13.295,0.550
13.300,0.550
13.305,0.550
13.310,0.550
13.315,0.550
13.320,0.550
13.325,0.550
13.330,0.550
13.335,0.550
13.340,0.550
13.345,0.550
13.350,0.550
13.355,0.550
13.360,0.550
13.365,0.550
13.370,0.550
13.375,0.550
13.380,0.550
13.385,0.550
13.390,0.550
13.395,0.550
13.400,0.550
13.405,0.550
13.410,0.550
13.415,0.550
13.420,0.550
13.425,0.550
13.430,0.550
13.435,0.550
13.440,0.550
13.445,0.550
13.450,0.550
13.455,0.550
13.460,0.550
13.465,0.550
13.470,0.550
13.475,0.550
13.480,0.550
13.485,0.550
13.490,0.550
13.495,0.550
13.500,0.550
13.505,0.550
13.510,0.550
13.515,0.550
13.520,0.550
13.525,0.550
13.530,0.550
13.535,0.550
13.540,0.550
13.545,0.550
13.550,0.550
13.555,0.550
13.560,0.550
13.565,0.550
13.570,0.550
13.575,0.550
13.580,0.550
13.585,0.550
13.590,0.550
13.595,0.550
13.600,0.550
13.605,0.550
13.610,0.550
13.615,0.550
13.620,0.550
13.625,0.550
13.630,0.550
13.635,0.550
13.640,0.550
13.645,0.550
13.650,0.550
13.655,0.550
13.660,0.550
13.665,0.550
13.670,0.550
13.675,0.550
13.680,0.550
13.685,0.550
13.690,0.550
13.695,0.550
13.700,0.550
13.705,0.550
13.710,0.550
13.715,0.550
13.720,0.550
13.725,0.550
13.730,0.550
13.735,0.550
13.740,0.550
13.745,0.550
13.750,0.550
13.755,0.550
13.760,0.550
13.765,0.550
13.770,0.550
13.775,0.550
13.780,0.550
13.785,0.550
13.790,0.550
13.795,0.550
13.800,0.550
13.805,0.550
13.810,0.550
13.815,0.550
13.820,0.550
13.825,0.550
13.830,0.550
13.835,0.550
13.840,0.550
13.845,0.550
13.850,0.550
13.855,0.550
13.860,0.550
13.865,0.550
13.870,0.550
13.875,0.550
13.880,0.550
13.885,0.550
13.890,0.550
13.895,0.550
13.900,0.550
13.905,0.550
13.910,0.550
13.915,0.550
13.920,0.550
13.925,0.550
13.930,0.550
13.935,0.550
13.940,0.550
13.945,0.550
13.950,0.550
13.955,0.550
13.960,0.550
13.965,0.550
13.970,0.550
13.975,0.550
13.980,0.550
13.985,0.550
13.990,0.550
13.995,0.550
14.000,0.550
14.005,0.550
14.010,0.550
14.015,0.550
14.020,0.550
14.025,0.550
14.030,0.550
14.035,0.550
14.040,0.550
14.045,0.550
14.050,0.550
14.055,0.550
14.060,0.550
14.065,0.550
14.070,0.550
14.075,0.550
14.080,0.550
14.085,0.550
14.090,0.550
14.095,0.550
14.100,0.550
14.105,0.550
14.110,0.550
14.115,0.550
14.120,0.550
14.125,0.550
14.130,0.550
14.135,0.550
14.140,0.550
14.145,0.550
14.150,0.550
14.155,0.550
14.160,0.550
14.165,0.550
14.170,0.550
14.175,0.550
14.180,0.550
14.185,0.550
14.190,0.550
14.195,0.550
14.200,0.550
14.205,0.550
14.210,0.550
14.215,0.550
14.220,0.550
14.225,0.550
14.230,0.550
14.235,0.550
14.240,0.550
14.245,0.550
14.250,0.550
14.255,0.550
14.260,0.550
14.265,0.550
14.270,0.550
14.275,0.550
14.280,0.550
14.285,0.550
14.290,0.550
14.295,0.550
14.300,0.550
14.305,0.550
14.310,0.550
14.315,0.550
14.320,0.550
14.325,0.550
14.330,0.550
14.335,0.550
14.340,0.550
14.345,0.550
14.350,0.550
14.355,0.550
14.360,0.550
14.365,0.550
14.370,0.550
14.375,0.550
14.380,0.550
14.385,0.550
14.390,0.550
14.395,0.550
14.400,0.550
14.405,0.550
14.410,0.550
14.415,0.550
14.420,0.550
14.425,0.550
14.430,0.550
14.435,0.550
14.440,0.550
14.445,0.550
14.450,0.550
14.455,0.550
14.460,0.550
14.465,0.550
14.470,0.550
14.475,0.550
14.480,0.550
14.485,0.550
14.490,0.550
14.495,0.550
14.500,0.550
14.505,0.550
14.510,0.550
14.515,0.550
14.520,0.550
14.525,0.550
14.530,0.550
14.535,0.550
14.540,0.550
14.545,0.550
14.550,0.550
14.555,0.550
14.560,0.550
14.565,0.550
14.570,0.550
14.575,0.550
14.580,0.550
14.585,0.550
14.590,0.550
14.595,0.550
14.600,0.550
14.605,0.550
14.610,0.550
14.615,0.550
14.620,0.550
14.625,0.550
14.630,0.550
14.635,0.550
14.640,0.550
14.645,0.550
14.650,0.550
14.655,0.550
14.660,0.550
14.665,0.550
14.670,0.550
14.675,0.550
14.680,0.550
14.685,0.550
14.690,0.550
14.695,0.550
14.700,0.550
14.705,0.550
14.710,0.550
14.715,0.550
14.720,0.550
14.725,0.550
14.730,0.550
14.735,0.550
14.740,0.550
14.745,0.550
14.750,0.550
14.755,0.550
14.760,0.550
14.765,0.550
14.770,0.550
14.775,0.550
14.780,0.550
14.785,0.550
14.790,0.550
14.795,0.550
14.800,0.550
14.805,0.550
14.810,0.550
14.815,0.550
14.820,0.550
14.825,0.550
14.830,0.550
14.835,0.550
14.840,0.550
14.845,0.550
14.850,0.550
14.855,0.550
14.860,0.550
14.865,0.550
14.870,0.550
14.875,0.550
14.880,0.550
14.885,0.550
14.890,0.550
14.895,0.550
14.900,0.550
14.905,0.550
14.910,0.550
14.915,0.550
14.920,0.550
14.925,0.550
14.930,0.550
14.935,0.550
14.940,0.550
14.945,0.550
14.950,0.550
14.955,0.550
14.960,0.550
14.965,0.550
14.970,0.550
14.975,0.550
14.980,0.550
14.985,0.550
14.990,0.550
14.995,0.550
15.000,0.550
15.005,0.550
15.010,0.550
15.015,0.550
15.020,0.550
15.025,0.550
15.030,0.550
15.035,0.550
15.040,0.550
15.045,0.550
15.050,0.550
15.055,0.550
15.060,0.550
15.065,0.550
15.070,0.550
15.075,0.550
15.080,0.550
15.085,0.550
15.090,0.550
15.095,0.550
15.100,0.550
15.105,0.550
15.110,0.550
15.115,0.550
15.120,0.550
15.125,0.550
15.130,0.550
15.135,0.550
15.140,0.550
15.145,0.550
15.150,0.550
15.155,0.550
15.160,0.550
15.165,0.550
15.170,0.550
15.175,0.550
15.180,0.550
15.185,0.550
15.190,0.550
15.195,0.550
15.200,0.550
15.205,0.550
15.210,0.550
15.215,0.550
15.220,0.550
15.225,0.550
15.230,0.550
15.235,0.550
15.240,0.550
15.245,0.550
15.250,0.550
15.255,0.550
15.260,0.550
15.265,0.550
15.270,0.550
15.275,0.550
15.280,0.550
15.285,0.550
15.290,0.550
15.295,0.550
15.300,0.550
15.305,0.550
15.310,0.550
15.315,0.550
15.320,0.550
15.325,0.550
15.330,0.550
15.335,0.550
15.340,0.550
15.345,0.550
15.350,0.550
15.355,0.550
15.360,0.550
15.365,0.550
15.370,0.550
15.375,0.550
15.380,0.550
15.385,0.550
15.390,0.550
15.395,0.550
15.400,0.550
15.405,0.550
15.410,0.550
15.415,0.550
15.420,0.550
15.425,0.550
15.430,0.550
15.435,0.550
15.440,0.550
15.445,0.550
15.450,0.550
15.455,0.550
15.460,0.550
15.465,0.550
15.470,0.550
15.475,0.550
15.480,0.550
15.485,0.550
15.490,0.550
15.495,0.550
15.500,0.550
15.505,0.550
15.510,0.550
15.515,0.550
15.520,0.550
15.525,0.550
15.530,0.550
15.535,0.550
15.540,0.550
15.545,0.550
15.550,0.550
15.555,0.550
15.560,0.550
15.565,0.550
15.570,0.550
15.575,0.550
15.580,0.550
15.585,0.550
15.590,0.550
15.595,0.550
15.600,0.550
15.605,0.550
15.610,0.550
15.615,0.550
15.620,0.550
15.625,0.550
15.630,0.550
15.635,0.550
15.640,0.550
15.645,0.550
15.650,0.550
15.655,0.550
15.660,0.550
15.665,0.550
15.670,0.550
15.675,0.550
15.680,0.550
15.685,0.550
15.690,0.550
15.695,0.550
15.700,0.550
15.705,0.550
15.710,0.550
15.715,0.550
15.720,0.550
15.725,0.550
15.730,0.550
15.735,0.550
15.740,0.550
15.745,0.550
15.750,0.550
15.755,0.550
15.760,0.550
15.765,0.550
15.770,0.550
15.775,0.550
15.780,0.550
15.785,0.550
15.790,0.550
15.795,0.550
15.800,0.550
15.805,0.550
15.810,0.550
15.815,0.550
15.820,0.550
15.825,0.550
15.830,0.550
15.835,0.550
15.840,0.550
15.845,0.550
15.850,0.550
15.855,0.550
15.860,0.550
15.865,0.550
15.870,0.550
15.875,0.550
15.880,0.550
15.885,0.550
15.890,0.550
15.895,0.550
15.900,0.550
15.905,0.550
15.910,0.550
15.915,0.550
15.920,0.550
15.925,0.550
15.930,0.550
15.935,0.550
15.940,0.550
15.945,0.550
15.950,0.550
15.955,0.550
15.960,0.550
15.965,0.550
15.970,0.550
15.975,0.550
15.980,0.550
15.985,0.550
15.990,0.550
15.995,0.550
16.000,0.550
16.005,0.550
16.010,0.550
16.015,0.550
16.020,0.550
16.025,0.550
16.030,0.550
16.035,0.550
16.040,0.550
16.045,0.550
16.050,0.550
16.055,0.550
16.060,0.550
16.065,0.550
16.070,0.550
16.075,0.550
16.080,0.550
16.085,0.550
16.090,0.550
16.095,0.550
16.100,0.550
16.105,0.550
16.110,0.550
16.115,0.550
16.120,0.550
16.125,0.550
16.130,0.550
16.135,0.550
16.140,0.550
16.145,0.550
16.150,0.550
16.155,0.550
16.160,0.550
16.165,0.550
16.170,0.550
16.175,0.550
16.180,0.550
16.185,0.550
16.190,0.550
16.195,0.550
16.200,0.550
16.205,0.550
16.210,0.550
16.215,0.550
16.220,0.550
16.225,0.550
16.230,0.550
16.235,0.550
16.240,0.550
16.245,0.550
16.250,0.550
16.255,0.550
16.260,0.550
16.265,0.550
16.270,0.550
16.275,0.550
16.280,0.550
16.285,0.550
16.290,0.550
16.295,0.550
16.300,0.550
16.305,0.550
16.310,0.550
16.315,0.550
16.320,0.550
16.325,0.550
16.330,0.550
16.335,0.550
16.340,0.550
16.345,0.550
16.350,0.550
16.355,0.550
16.360,0.550
16.365,0.550
16.370,0.550
16.375,0.550
16.380,0.550
16.385,0.550
16.390,0.550
16.395,0.550
16.400,0.550
16.405,0.550
16.410,0.550
16.415,0.550
16.420,0.550
16.425,0.550
16.430,0.550
16.435,0.550
16.440,0.550
16.445,0.550
16.450,0.550
16.455,0.550
16.460,0.550
16.465,0.550
16.470,0.550
16.475,0.550
16.480,0.550
16.485,0.550
16.490,0.550
16.495,0.550
16.500,0.550
16.505,0.550
16.510,0.550
16.515,0.550
16.520,0.550
16.525,0.550
16.530,0.550
16.535,0.550
16.540,0.550
16.545,0.550
16.550,0.550
16.555,0.550
16.560,0.550
16.565,0.550
16.570,0.550
16.575,0.550
16.580,0.550
16.585,0.550
16.590,0.550
16.595,0.550
16.600,0.550
16.605,0.550
16.610,0.550
16.615,0.550
16.620,0.550
16.625,0.550
16.630,0.550
16.635,0.550
16.640,0.550
16.645,0.550
16.650,0.550
16.655,0.550
16.660,0.550
16.665,0.550
16.670,0.550
16.675,0.550
16.680,0.550
16.685,0.550
16.690,0.550
16.695,0.550
16.700,0.550
16.705,0.550
16.710,0.550
16.715,0.550
16.720,0.550
16.725,0.550
16.730,0.550
16.735,0.550
16.740,0.550
16.745,0.550
16.750,0.550
16.755,0.550
16.760,0.550
16.765,0.550
16.770,0.550
16.775,0.550
16.780,0.550
16.785,0.550
16.790,0.550
16.795,0.550
16.800,0.550
16.805,0.550
16.810,0.550
16.815,0.550
16.820,0.550
16.825,0.550
16.830,0.550
16.835,0.550
16.840,0.550
16.845,0.550
16.850,0.550
16.855,0.550
16.860,0.550
16.865,0.550
16.870,0.550
16.875,0.550
16.880,0.550
16.885,0.550
16.890,0.550
16.895,0.550
16.900,0.550
16.905,0.550
16.910,0.550
16.915,0.550
16.920,0.550
16.925,0.550
16.930,0.550
16.935,0.550
16.940,0.550
16.945,0.550
16.950,0.550
16.955,0.550
16.960,0.550
16.965,0.550
16.970,0.550
16.975,0.550
16.980,0.550
16.985,0.550
16.990,0.550
16.995,0.550
17.000,0.550
17.005,0.550
17.010,0.550
17.015,0.550
17.020,0.550
17.025,0.550
17.030,0.550
17.035,0.550
17.040,0.550
17.045,0.550
17.050,0.550
17.055,0.550
17.060,0.550
17.065,0.550
17.070,0.550
17.075,0.550
17.080,0.550
17.085,0.550
17.090,0.550
17.095,0.550
17.100,0.550
17.105,0.550
17.110,0.550
17.115,0.550
17.120,0.550
17.125,0.550
17.130,0.550
17.135,0.550
17.140,0.550
17.145,0.550
17.150,0.550
17.155,0.550
17.160,0.550
17.165,0.550
17.170,0.550
17.175,0.550
17.180,0.550
17.185,0.550
17.190,0.550
17.195,0.550
17.200,0.550
17.205,0.550
17.210,0.550
17.215,0.550
17.220,0.550
17.225,0.550
17.230,0.550
17.235,0.550
17.240,0.550
17.245,0.550
17.250,0.550
17.255,0.550
17.260,0.550
17.265,0.550
17.270,0.550
17.275,0.550
17.280,0.550
17.285,0.550
17.290,0.550
17.295,0.550
17.300,0.550
17.305,0.550
17.310,0.550
17.315,0.550
17.320,0.550
17.325,0.550
17.330,0.550
17.335,0.550
17.340,0.550
17.345,0.550
17.350,0.550
17.355,0.550
17.360,0.550
17.365,0.550
17.370,0.550
17.375,0.550
17.380,0.550
17.385,0.550
17.390,0.550
17.395,0.550
17.400,0.550
17.405,0.550
17.410,0.550
17.415,0.550
17.420,0.550
17.425,0.550
17.430,0.550
17.435,0.550
17.440,0.550
17.445,0.550
17.450,0.550
17.455,0.550
17.460,0.550
17.465,0.550
17.470,0.550
17.475,0.550
17.480,0.550
17.485,0.550
17.490,0.550
17.495,0.550
17.500,0.550
17.505,0.550
17.510,0.550
17.515,0.550
17.520,0.550
17.525,0.550
17.530,0.550
17.535,0.550
17.540,0.550
17.545,0.550
17.550,0.550
17.555,0.550
17.560,0.550
17.565,0.550
17.570,0.550
17.575,0.550
17.580,0.550
17.585,0.550
17.590,0.550
17.595,0.550
17.600,0.550
17.605,0.550
17.610,0.550
17.615,0.550
17.620,0.550
17.625,0.550
17.630,0.550
17.635,0.550
17.640,0.550
17.645,0.550
17.650,0.550
17.655,0.550
17.660,0.550
17.665,0.550
17.670,0.550
17.675,0.550
17.680,0.550
17.685,0.550
17.690,0.550
17.695,0.550
17.700,0.550
17.705,0.550
17.710,0.550
17.715,0.550
17.720,0.550
17.725,0.550
17.730,0.550
17.735,0.550
17.740,0.550
17.745,0.550
17.750,0.550
17.755,0.550
17.760,0.550
17.765,0.550
17.770,0.550
17.775,0.550
17.780,0.550
17.785,0.550
17.790,0.550
17.795,0.550
17.800,0.550
17.805,0.550
17.810,0.550
17.815,0.550
17.820,0.550
17.825,0.550
17.830,0.550
17.835,0.550
17.840,0.550
17.845,0.550
17.850,0.550
17.855,0.550
17.860,0.550
17.865,0.550
17.870,0.550
17.875,0.550
17.880,0.550
17.885,0.550
17.890,0.550
17.895,0.550
17.900,0.550
17.905,0.550
17.910,0.550
17.915,0.550
17.920,0.550
17.925,0.550
17.930,0.550
17.935,0.550
17.940,0.550
17.945,0.550
17.950,0.550
17.955,0.550
17.960,0.550
17.965,0.550
17.970,0.550
17.975,0.550
17.980,0.550
17.985,0.550
17.990,0.550
17.995,0.550
18.000,0.550
18.005,0.550
18.010,0.550
18.015,0.550
18.020,0.550
18.025,0.550
18.030,0.550
18.035,0.550
18.040,0.550
18.045,0.550
18.050,0.550
18.055,0.550
18.060,0.550
18.065,0.550
18.070,0.550
18.075,0.550
18.080,0.550
18.085,0.550
18.090,0.550
18.095,0.550
18.100,0.550
18.105,0.550
18.110,0.550
18.115,0.550
18.120,0.550
18.125,0.550
18.130,0.550
18.135,0.550
18.140,0.550
18.145,0.550
18.150,0.550
18.155,0.550
18.160,0.550
18.165,0.550
18.170,0.550
18.175,0.550
18.180,0.550
18.185,0.550
18.190,0.550
18.195,0.550
18.200,0.550
18.205,0.550
18.210,0.550
18.215,0.550
18.220,0.550
18.225,0.550
18.230,0.550
18.235,0.550
18.240,0.550
18.245,0.550
18.250,0.550
18.255,0.550
18.260,0.550
18.265,0.550
18.270,0.550
18.275,0.550
18.280,0.550
18.285,0.550
18.290,0.550
18.295,0.550
18.300,0.550
18.305,0.550
18.310,0.550
18.315,0.550
18.320,0.550
18.325,0.550
18.330,0.550
18.335,0.550
18.340,0.550
18.345,0.550
18.350,0.550
18.355,0.550
18.360,0.550
18.365,0.550
18.370,0.550
18.375,0.550
18.380,0.550
18.385,0.550
18.390,0.550
18.395,0.550
18.400,0.550
18.405,0.550
18.410,0.550
18.415,0.550
18.420,0.550
18.425,0.550
18.430,0.550
18.435,0.550
18.440,0.550
18.445,0.550
18.450,0.550
18.455,0.550
18.460,0.550
18.465,0.550
18.470,0.550
18.475,0.550
18.480,0.550
18.485,0.550
18.490,0.550
18.495,0.550
18.500,0.550
18.505,0.550
18.510,0.550
18.515,0.550
18.520,0.550
18.525,0.550
18.530,0.550
18.535,0.550
18.540,0.550
18.545,0.550
18.550,0.550
18.555,0.550
18.560,0.550
18.565,0.550
18.570,0.550
18.575,0.550
18.580,0.550
18.585,0.550
18.590,0.550
18.595,0.550
18.600,0.550
18.605,0.550
18.610,0.550
18.615,0.550
18.620,0.550
18.625,0.550
18.630,0.550
18.635,0.550
18.640,0.550
18.645,0.550
18.650,0.550
18.655,0.550
18.660,0.550
18.665,0.550
18.670,0.550
18.675,0.550
18.680,0.550
18.685,0.550
18.690,0.550
18.695,0.550
18.700,0.550
18.705,0.550
18.710,0.550
18.715,0.550
18.720,0.550
18.725,0.550
18.730,0.550
18.735,0.550
18.740,0.550
18.745,0.550
18.750,0.550
18.755,0.550
18.760,0.550
18.765,0.550
18.770,0.550
18.775,0.550
18.780,0.550
18.785,0.550
18.790,0.550
18.795,0.550
18.800,0.550
18.805,0.550
18.810,0.550
18.815,0.550
18.820,0.550
18.825,0.550
18.830,0.550
18.835,0.550
18.840,0.550
18.845,0.550
18.850,0.550
18.855,0.550
18.860,0.550
18.865,0.550
18.870,0.550
18.875,0.550
18.880,0.550
18.885,0.550
18.890,0.550
18.895,0.550
18.900,0.550
18.905,0.550
18.910,0.550
18.915,0.550
18.920,0.550
18.925,0.550
18.930,0.550
18.935,0.550
18.940,0.550
18.945,0.550
18.950,0.550
18.955,0.550
18.960,0.550
18.965,0.550
18.970,0.550
18.975,0.550
18.980,0.550
18.985,0.550
18.990,0.550
18.995,0.550
19.000,0.550
19.005,0.550
19.010,0.550
19.015,0.550
19.020,0.550
19.025,0.550
19.030,0.550
19.035,0.550
19.040,0.550
19.045,0.550
19.050,0.550
19.055,0.550
19.060,0.550
19.065,0.550
19.070,0.550
19.075,0.550
19.080,0.550
19.085,0.550
19.090,0.550
19.095,0.550
19.100,0.550
19.105,0.550
19.110,0.550
19.115,0.550
19.120,0.550
19.125,0.550
19.130,0.550
19.135,0.550
19.140,0.550
19.145,0.550
19.150,0.550
19.155,0.550
19.160,0.550
19.165,0.550
19.170,0.550
19.175,0.550
19.180,0.550
19.185,0.550
19.190,0.550
19.195,0.550
19.200,0.550
19.205,0.550
19.210,0.550
19.215,0.550
19.220,0.550
19.225,0.550
19.230,0.550
19.235,0.550
19.240,0.550
19.245,0.550
19.250,0.550
19.255,0.550
19.260,0.550
19.265,0.550
19.270,0.550
19.275,0.550
19.280,0.550
19.285,0.550
19.290,0.550
19.295,0.550
19.300,0.550
19.305,0.550
19.310,0.550
19.315,0.550
19.320,0.550
19.325,0.550
19.330,0.550
19.335,0.550
19.340,0.550
19.345,0.550
19.350,0.550
19.355,0.550
19.360,0.550
19.365,0.550
19.370,0.550
19.375,0.550
19.380,0.550
19.385,0.550
19.390,0.550
19.395,0.550
19.400,0.550
19.405,0.550
19.410,0.550
19.415,0.550
19.420,0.550
19.425,0.550
19.430,0.550
19.435,0.550
19.440,0.550
19.445,0.550
19.450,0.550
19.455,0.550
19.460,0.550
19.465,0.550
19.470,0.550
19.475,0.550
19.480,0.550
19.485,0.550
19.490,0.550
19.495,0.550
19.500,0.550
19.505,0.550
19.510,0.550
19.515,0.550
19.520,0.550
19.525,0.550
19.530,0.550
19.535,0.550
19.540,0.550
19.545,0.550
19.550,0.550
19.555,0.550
19.560,0.550
19.565,0.550
19.570,0.550
19.575,0.550
19.580,0.550
19.585,0.550
19.590,0.550
19.595,0.550
19.600,0.550
19.605,0.550
19.610,0.550
19.615,0.550
19.620,0.550
19.625,0.550
19.630,0.550
19.635,0.550
19.640,0.550
19.645,0.550
19.650,0.550
19.655,0.550
19.660,0.550
19.665,0.550
19.670,0.550
19.675,0.550
19.680,0.550
19.685,0.550
19.690,0.550
19.695,0.550
19.700,0.550
19.705,0.550
19.710,0.550
19.715,0.550
19.720,0.550
19.725,0.550
19.730,0.550
19.735,0.550
19.740,0.550
19.745,0.550
19.750,0.550
19.755,0.550
19.760,0.550
19.765,0.550
19.770,0.550
19.775,0.550
19.780,0.550
19.785,0.550
19.790,0.550
19.795,0.550
19.800,0.550
19.805,0.550
19.810,0.550
19.815,0.550
19.820,0.550
19.825,0.550
19.830,0.550
19.835,0.550
19.840,0.550
19.845,0.550
19.850,0.550
19.855,0.550
19.860,0.550
19.865,0.550
19.870,0.550
19.875,0.550
19.880,0.550
19.885,0.550
19.890,0.550
19.895,0.550
19.900,0.550
19.905,0.550
19.910,0.550
19.915,0.550
19.920,0.550
19.925,0.550
19.930,0.550
19.935,0.550
19.940,0.550
19.945,0.550
19.950,0.550
19.955,0.550
19.960,0.550
19.965,0.550
19.970,0.550
19.975,0.550
19.980,0.550
19.985,0.550
19.990,0.550
19.995,0.550
