# lambda [um], beta [deg], x [micron]
4.000000e-01,1.495055e+00,1.487675e+03
4.050000e-01,1.485846e+00,1.478507e+03
4.100000e-01,1.476986e+00,1.469687e+03
4.150000e-01,1.468457e+00,1.461196e+03
4.200000e-01,1.460243e+00,1.453019e+03
4.250000e-01,1.452327e+00,1.445139e+03
4.300000e-01,1.444695e+00,1.437541e+03
4.350000e-01,1.437332e+00,1.430212e+03
4.400000e-01,1.430226e+00,1.423139e+03
4.450000e-01,1.423365e+00,1.416308e+03
4.500000e-01,1.416737e+00,1.409710e+03
4.550000e-01,1.410330e+00,1.403333e+03
4.600000e-01,1.404136e+00,1.397167e+03
4.650000e-01,1.398143e+00,1.391202e+03
4.700000e-01,1.392344e+00,1.385429e+03
4.750000e-01,1.386729e+00,1.379839e+03
4.800000e-01,1.381290e+00,1.374426e+03
4.850000e-01,1.376020e+00,1.369180e+03
4.900000e-01,1.370911e+00,1.364094e+03
4.950000e-01,1.365957e+00,1.359163e+03
5.000000e-01,1.361151e+00,1.354379e+03
5.050000e-01,1.356486e+00,1.349736e+03
5.100000e-01,1.351958e+00,1.345228e+03
5.150000e-01,1.347560e+00,1.340850e+03
5.200000e-01,1.343287e+00,1.336597e+03
5.250000e-01,1.339134e+00,1.332463e+03
5.300000e-01,1.335096e+00,1.328444e+03
5.350000e-01,1.331169e+00,1.324536e+03
5.400000e-01,1.327349e+00,1.320733e+03
5.450000e-01,1.323631e+00,1.317033e+03
5.500000e-01,1.320012e+00,1.313430e+03
5.550000e-01,1.316487e+00,1.309922e+03
5.600000e-01,1.313054e+00,1.306504e+03
5.650000e-01,1.309708e+00,1.303174e+03
5.700000e-01,1.306447e+00,1.299928e+03
5.750000e-01,1.303267e+00,1.296763e+03
5.800000e-01,1.300166e+00,1.293676e+03
5.850000e-01,1.297141e+00,1.290665e+03
5.900000e-01,1.294188e+00,1.287726e+03
5.950000e-01,1.291306e+00,1.284858e+03
6.000000e-01,1.288492e+00,1.282057e+03
6.050000e-01,1.285744e+00,1.279321e+03
6.100000e-01,1.283059e+00,1.276649e+03
6.150000e-01,1.280435e+00,1.274037e+03
6.200000e-01,1.277870e+00,1.271484e+03
6.250000e-01,1.275362e+00,1.268988e+03
6.300000e-01,1.272910e+00,1.266547e+03
6.350000e-01,1.270511e+00,1.264159e+03
6.400000e-01,1.268163e+00,1.261823e+03
6.450000e-01,1.265866e+00,1.259536e+03
6.500000e-01,1.263617e+00,1.257297e+03
6.550000e-01,1.261414e+00,1.255105e+03
6.600000e-01,1.259257e+00,1.252958e+03
6.650000e-01,1.257144e+00,1.250855e+03
6.700000e-01,1.255073e+00,1.248794e+03
6.750000e-01,1.253043e+00,1.246773e+03
6.800000e-01,1.251053e+00,1.244793e+03
6.850000e-01,1.249102e+00,1.242851e+03
6.900000e-01,1.247188e+00,1.240946e+03
6.950000e-01,1.245311e+00,1.239077e+03
7.000000e-01,1.243468e+00,1.237243e+03
7.050000e-01,1.241660e+00,1.235443e+03
7.100000e-01,1.239885e+00,1.233676e+03
7.150000e-01,1.238141e+00,1.231941e+03
7.200000e-01,1.236429e+00,1.230238e+03
7.250000e-01,1.234748e+00,1.228564e+03
7.300000e-01,1.233095e+00,1.226919e+03
7.350000e-01,1.231472e+00,1.225303e+03
7.400000e-01,1.229875e+00,1.223714e+03
7.450000e-01,1.228306e+00,1.222153e+03
7.500000e-01,1.226763e+00,1.220617e+03
7.550000e-01,1.225245e+00,1.219106e+03
7.600000e-01,1.223752e+00,1.217620e+03
7.650000e-01,1.222283e+00,1.216158e+03
7.700000e-01,1.220837e+00,1.214719e+03
7.750000e-01,1.219414e+00,1.213302e+03
7.800000e-01,1.218013e+00,1.211908e+03
7.850000e-01,1.216633e+00,1.210534e+03
7.900000e-01,1.215274e+00,1.209182e+03
7.950000e-01,1.213936e+00,1.207850e+03
8.000000e-01,1.212617e+00,1.206537e+03
8.050000e-01,1.211317e+00,1.205243e+03
8.100000e-01,1.210036e+00,1.203968e+03
8.150000e-01,1.208773e+00,1.202711e+03
8.200000e-01,1.207527e+00,1.201472e+03
8.250000e-01,1.206299e+00,1.200249e+03
8.300000e-01,1.205088e+00,1.199044e+03
8.350000e-01,1.203893e+00,1.197854e+03
8.400000e-01,1.202714e+00,1.196681e+03
8.450000e-01,1.201550e+00,1.195522e+03
8.500000e-01,1.200401e+00,1.194379e+03
8.550000e-01,1.199267e+00,1.193251e+03
8.600000e-01,1.198148e+00,1.192136e+03
8.650000e-01,1.197042e+00,1.191036e+03
8.700000e-01,1.195950e+00,1.189949e+03
8.750000e-01,1.194871e+00,1.188875e+03
8.800000e-01,1.193804e+00,1.187814e+03
8.850000e-01,1.192751e+00,1.186765e+03
8.900000e-01,1.191710e+00,1.185729e+03
8.950000e-01,1.190680e+00,1.184704e+03
9.000000e-01,1.189662e+00,1.183691e+03
9.050000e-01,1.188656e+00,1.182689e+03
9.100000e-01,1.187661e+00,1.181699e+03
9.150000e-01,1.186676e+00,1.180719e+03
9.200000e-01,1.185702e+00,1.179749e+03
9.250000e-01,1.184738e+00,1.178790e+03
9.300000e-01,1.183784e+00,1.177841e+03
9.350000e-01,1.182840e+00,1.176901e+03
9.400000e-01,1.181905e+00,1.175971e+03
9.450000e-01,1.180980e+00,1.175050e+03
9.500000e-01,1.180063e+00,1.174138e+03
9.550000e-01,1.179156e+00,1.173234e+03
9.600000e-01,1.178257e+00,1.172340e+03
9.650000e-01,1.177367e+00,1.171453e+03
9.700000e-01,1.176484e+00,1.170575e+03
9.750000e-01,1.175610e+00,1.169705e+03
9.800000e-01,1.174743e+00,1.168843e+03
9.850000e-01,1.173884e+00,1.167988e+03
9.900000e-01,1.173033e+00,1.167140e+03
9.950000e-01,1.172189e+00,1.166300e+03
1.000000e+00,1.171351e+00,1.165467e+03
1.005000e+00,1.170521e+00,1.164641e+03
1.010000e+00,1.169698e+00,1.163821e+03
1.015000e+00,1.168881e+00,1.163008e+03
1.020000e+00,1.168070e+00,1.162201e+03
1.025000e+00,1.167266e+00,1.161401e+03
1.030000e+00,1.166467e+00,1.160606e+03
1.035000e+00,1.165675e+00,1.159818e+03
1.040000e+00,1.164889e+00,1.159035e+03
1.045000e+00,1.164108e+00,1.158258e+03
1.050000e+00,1.163333e+00,1.157486e+03
1.055000e+00,1.162563e+00,1.156720e+03
1.060000e+00,1.161798e+00,1.155959e+03
1.065000e+00,1.161039e+00,1.155203e+03
1.070000e+00,1.160285e+00,1.154453e+03
1.075000e+00,1.159535e+00,1.153707e+03
1.080000e+00,1.158790e+00,1.152965e+03
1.085000e+00,1.158050e+00,1.152229e+03
1.090000e+00,1.157315e+00,1.151497e+03
1.095000e+00,1.156584e+00,1.150769e+03
1.100000e+00,1.155857e+00,1.150046e+03
1.105000e+00,1.155135e+00,1.149327e+03
1.110000e+00,1.154416e+00,1.148612e+03
1.115000e+00,1.153702e+00,1.147901e+03
1.120000e+00,1.152992e+00,1.147194e+03
1.125000e+00,1.152285e+00,1.146491e+03
1.130000e+00,1.151582e+00,1.145792e+03
1.135000e+00,1.150883e+00,1.145096e+03
1.140000e+00,1.150188e+00,1.144404e+03
1.145000e+00,1.149496e+00,1.143715e+03
1.150000e+00,1.148807e+00,1.143029e+03
1.155000e+00,1.148121e+00,1.142347e+03
1.160000e+00,1.147439e+00,1.141668e+03
1.165000e+00,1.146760e+00,1.140993e+03
1.170000e+00,1.146084e+00,1.140320e+03
1.175000e+00,1.145411e+00,1.139650e+03
1.180000e+00,1.144741e+00,1.138983e+03
1.185000e+00,1.144074e+00,1.138319e+03
1.190000e+00,1.143409e+00,1.137658e+03
1.195000e+00,1.142747e+00,1.136999e+03
1.200000e+00,1.142088e+00,1.136343e+03
1.205000e+00,1.141432e+00,1.135689e+03
1.210000e+00,1.140777e+00,1.135038e+03
1.215000e+00,1.140126e+00,1.134390e+03
1.220000e+00,1.139476e+00,1.133743e+03
1.225000e+00,1.138829e+00,1.133099e+03
1.230000e+00,1.138184e+00,1.132458e+03
1.235000e+00,1.137542e+00,1.131818e+03
1.240000e+00,1.136901e+00,1.131181e+03
1.245000e+00,1.136263e+00,1.130545e+03
1.250000e+00,1.135626e+00,1.129912e+03
1.255000e+00,1.134992e+00,1.129280e+03
1.260000e+00,1.134359e+00,1.128651e+03
1.265000e+00,1.133728e+00,1.128023e+03
1.270000e+00,1.133099e+00,1.127397e+03
1.275000e+00,1.132472e+00,1.126773e+03
1.280000e+00,1.131846e+00,1.126150e+03
1.285000e+00,1.131223e+00,1.125529e+03
1.290000e+00,1.130600e+00,1.124910e+03
1.295000e+00,1.129979e+00,1.124292e+03
1.300000e+00,1.129360e+00,1.123675e+03
1.305000e+00,1.128742e+00,1.123061e+03
1.310000e+00,1.128126e+00,1.122447e+03
1.315000e+00,1.127511e+00,1.121835e+03
1.320000e+00,1.126897e+00,1.121224e+03
1.325000e+00,1.126284e+00,1.120615e+03
1.330000e+00,1.125673e+00,1.120006e+03
1.335000e+00,1.125063e+00,1.119399e+03
1.340000e+00,1.124454e+00,1.118793e+03
1.345000e+00,1.123847e+00,1.118188e+03
1.350000e+00,1.123240e+00,1.117584e+03
1.355000e+00,1.122634e+00,1.116982e+03
1.360000e+00,1.122030e+00,1.116380e+03
1.365000e+00,1.121426e+00,1.115779e+03
1.370000e+00,1.120823e+00,1.115179e+03
1.375000e+00,1.120221e+00,1.114580e+03
1.380000e+00,1.119620e+00,1.113982e+03
1.385000e+00,1.119020e+00,1.113385e+03
1.390000e+00,1.118421e+00,1.112789e+03
1.395000e+00,1.117823e+00,1.112193e+03
1.400000e+00,1.117225e+00,1.111598e+03
1.405000e+00,1.116628e+00,1.111004e+03
1.410000e+00,1.116031e+00,1.110410e+03
1.415000e+00,1.115435e+00,1.109817e+03
1.420000e+00,1.114840e+00,1.109225e+03
1.425000e+00,1.114246e+00,1.108633e+03
1.430000e+00,1.113652e+00,1.108042e+03
1.435000e+00,1.113058e+00,1.107451e+03
1.440000e+00,1.112465e+00,1.106861e+03
1.445000e+00,1.111873e+00,1.106272e+03
1.450000e+00,1.111281e+00,1.105682e+03
1.455000e+00,1.110689e+00,1.105094e+03
1.460000e+00,1.110098e+00,1.104505e+03
1.465000e+00,1.109507e+00,1.103917e+03
1.470000e+00,1.108916e+00,1.103329e+03
1.475000e+00,1.108326e+00,1.102742e+03
1.480000e+00,1.107736e+00,1.102155e+03
1.485000e+00,1.107147e+00,1.101568e+03
1.490000e+00,1.106557e+00,1.100982e+03
1.495000e+00,1.105968e+00,1.100395e+03
1.500000e+00,1.105379e+00,1.099809e+03
1.505000e+00,1.104790e+00,1.099223e+03
1.510000e+00,1.104202e+00,1.098637e+03
1.515000e+00,1.103613e+00,1.098052e+03
1.520000e+00,1.103025e+00,1.097466e+03
1.525000e+00,1.102437e+00,1.096881e+03
1.530000e+00,1.101849e+00,1.096296e+03
1.535000e+00,1.101260e+00,1.095710e+03
1.540000e+00,1.100672e+00,1.095125e+03
1.545000e+00,1.100084e+00,1.094540e+03
1.550000e+00,1.099496e+00,1.093955e+03
1.555000e+00,1.098908e+00,1.093369e+03
1.560000e+00,1.098320e+00,1.092784e+03
1.565000e+00,1.097732e+00,1.092199e+03
1.570000e+00,1.097144e+00,1.091613e+03
1.575000e+00,1.096555e+00,1.091028e+03
1.580000e+00,1.095967e+00,1.090442e+03
1.585000e+00,1.095378e+00,1.089857e+03
1.590000e+00,1.094790e+00,1.089271e+03
1.595000e+00,1.094201e+00,1.088685e+03
1.600000e+00,1.093612e+00,1.088098e+03
1.605000e+00,1.093023e+00,1.087512e+03
1.610000e+00,1.092433e+00,1.086926e+03
1.615000e+00,1.091844e+00,1.086339e+03
1.620000e+00,1.091254e+00,1.085752e+03
1.625000e+00,1.090664e+00,1.085164e+03
1.630000e+00,1.090073e+00,1.084577e+03
1.635000e+00,1.089483e+00,1.083989e+03
1.640000e+00,1.088892e+00,1.083401e+03
1.645000e+00,1.088300e+00,1.082812e+03
1.650000e+00,1.087709e+00,1.082224e+03
1.655000e+00,1.087117e+00,1.081635e+03
1.660000e+00,1.086525e+00,1.081045e+03
1.665000e+00,1.085932e+00,1.080455e+03
1.670000e+00,1.085339e+00,1.079865e+03
1.675000e+00,1.084745e+00,1.079275e+03
1.680000e+00,1.084152e+00,1.078684e+03
1.685000e+00,1.083557e+00,1.078092e+03
1.690000e+00,1.082963e+00,1.077500e+03
1.695000e+00,1.082368e+00,1.076908e+03
1.700000e+00,1.081772e+00,1.076316e+03
1.705000e+00,1.081176e+00,1.075722e+03
1.710000e+00,1.080580e+00,1.075129e+03
1.715000e+00,1.079983e+00,1.074535e+03
1.720000e+00,1.079385e+00,1.073940e+03
1.725000e+00,1.078787e+00,1.073345e+03
1.730000e+00,1.078189e+00,1.072749e+03
1.735000e+00,1.077590e+00,1.072153e+03
1.740000e+00,1.076990e+00,1.071556e+03
1.745000e+00,1.076390e+00,1.070959e+03
1.750000e+00,1.075789e+00,1.070361e+03
1.755000e+00,1.075188e+00,1.069763e+03
1.760000e+00,1.074586e+00,1.069164e+03
1.765000e+00,1.073984e+00,1.068564e+03
1.770000e+00,1.073381e+00,1.067964e+03
1.775000e+00,1.072777e+00,1.067364e+03
1.780000e+00,1.072173e+00,1.066762e+03
1.785000e+00,1.071568e+00,1.066160e+03
1.790000e+00,1.070962e+00,1.065558e+03
1.795000e+00,1.070356e+00,1.064954e+03
1.800000e+00,1.069749e+00,1.064350e+03
1.805000e+00,1.069141e+00,1.063746e+03
1.810000e+00,1.068533e+00,1.063140e+03
1.815000e+00,1.067924e+00,1.062534e+03
1.820000e+00,1.067315e+00,1.061928e+03
1.825000e+00,1.066704e+00,1.061320e+03
1.830000e+00,1.066093e+00,1.060712e+03
1.835000e+00,1.065482e+00,1.060104e+03
1.840000e+00,1.064869e+00,1.059494e+03
1.845000e+00,1.064256e+00,1.058884e+03
1.850000e+00,1.063642e+00,1.058273e+03
1.855000e+00,1.063027e+00,1.057661e+03
1.860000e+00,1.062412e+00,1.057049e+03
1.865000e+00,1.061796e+00,1.056435e+03
1.870000e+00,1.061179e+00,1.055821e+03
1.875000e+00,1.060561e+00,1.055207e+03
1.880000e+00,1.059942e+00,1.054591e+03
1.885000e+00,1.059323e+00,1.053975e+03
1.890000e+00,1.058703e+00,1.053357e+03
1.895000e+00,1.058082e+00,1.052739e+03
1.900000e+00,1.057460e+00,1.052121e+03
1.905000e+00,1.056838e+00,1.051501e+03
1.910000e+00,1.056214e+00,1.050881e+03
1.915000e+00,1.055590e+00,1.050259e+03
1.920000e+00,1.054965e+00,1.049637e+03
1.925000e+00,1.054339e+00,1.049014e+03
1.930000e+00,1.053712e+00,1.048390e+03
1.935000e+00,1.053084e+00,1.047766e+03
1.940000e+00,1.052456e+00,1.047140e+03
1.945000e+00,1.051826e+00,1.046514e+03
1.950000e+00,1.051196e+00,1.045887e+03
1.955000e+00,1.050565e+00,1.045258e+03
1.960000e+00,1.049932e+00,1.044629e+03
1.965000e+00,1.049299e+00,1.043999e+03
1.970000e+00,1.048666e+00,1.043368e+03
1.975000e+00,1.048031e+00,1.042737e+03
1.980000e+00,1.047395e+00,1.042104e+03
1.985000e+00,1.046758e+00,1.041470e+03
1.990000e+00,1.046121e+00,1.040836e+03
1.995000e+00,1.045482e+00,1.040200e+03
2.000000e+00,1.044843e+00,1.039564e+03
2.005000e+00,1.044202e+00,1.038927e+03
2.010000e+00,1.043561e+00,1.038288e+03
2.015000e+00,1.042919e+00,1.037649e+03
2.020000e+00,1.042275e+00,1.037009e+03
2.025000e+00,1.041631e+00,1.036368e+03
2.030000e+00,1.040986e+00,1.035726e+03
2.035000e+00,1.040340e+00,1.035083e+03
2.040000e+00,1.039692e+00,1.034439e+03
2.045000e+00,1.039044e+00,1.033794e+03
2.050000e+00,1.038395e+00,1.033148e+03
2.055000e+00,1.037745e+00,1.032501e+03
2.060000e+00,1.037094e+00,1.031853e+03
2.065000e+00,1.036442e+00,1.031204e+03
2.070000e+00,1.035788e+00,1.030554e+03
2.075000e+00,1.035134e+00,1.029903e+03
2.080000e+00,1.034479e+00,1.029251e+03
2.085000e+00,1.033823e+00,1.028598e+03
2.090000e+00,1.033166e+00,1.027943e+03
2.095000e+00,1.032507e+00,1.027288e+03
2.100000e+00,1.031848e+00,1.026632e+03
2.105000e+00,1.031188e+00,1.025975e+03
2.110000e+00,1.030526e+00,1.025317e+03
2.115000e+00,1.029864e+00,1.024658e+03
2.120000e+00,1.029200e+00,1.023997e+03
2.125000e+00,1.028536e+00,1.023336e+03
2.130000e+00,1.027870e+00,1.022674e+03
2.135000e+00,1.027203e+00,1.022010e+03
2.140000e+00,1.026536e+00,1.021346e+03
2.145000e+00,1.025867e+00,1.020680e+03
2.150000e+00,1.025197e+00,1.020013e+03
2.155000e+00,1.024526e+00,1.019346e+03
2.160000e+00,1.023854e+00,1.018677e+03
2.165000e+00,1.023181e+00,1.018007e+03
2.170000e+00,1.022507e+00,1.017336e+03
2.175000e+00,1.021831e+00,1.016664e+03
2.180000e+00,1.021155e+00,1.015991e+03
2.185000e+00,1.020477e+00,1.015317e+03
2.190000e+00,1.019799e+00,1.014641e+03
2.195000e+00,1.019119e+00,1.013965e+03
2.200000e+00,1.018438e+00,1.013287e+03
2.205000e+00,1.017756e+00,1.012609e+03
2.210000e+00,1.017073e+00,1.011929e+03
2.215000e+00,1.016389e+00,1.011248e+03
2.220000e+00,1.015703e+00,1.010566e+03
2.225000e+00,1.015017e+00,1.009883e+03
2.230000e+00,1.014329e+00,1.009198e+03
2.235000e+00,1.013641e+00,1.008513e+03
2.240000e+00,1.012951e+00,1.007826e+03
2.245000e+00,1.012260e+00,1.007139e+03
2.250000e+00,1.011567e+00,1.006450e+03
2.255000e+00,1.010874e+00,1.005760e+03
2.260000e+00,1.010180e+00,1.005069e+03
2.265000e+00,1.009484e+00,1.004377e+03
2.270000e+00,1.008787e+00,1.003683e+03
2.275000e+00,1.008089e+00,1.002989e+03
2.280000e+00,1.007390e+00,1.002293e+03
2.285000e+00,1.006690e+00,1.001596e+03
2.290000e+00,1.005989e+00,1.000898e+03
2.295000e+00,1.005286e+00,1.000199e+03
2.300000e+00,1.004582e+00,9.994986e+02
2.305000e+00,1.003877e+00,9.987970e+02
2.310000e+00,1.003171e+00,9.980943e+02
2.315000e+00,1.002464e+00,9.973904e+02
2.320000e+00,1.001755e+00,9.966854e+02
2.325000e+00,1.001045e+00,9.959791e+02
2.330000e+00,1.000335e+00,9.952717e+02
2.335000e+00,9.996225e-01,9.945630e+02
2.340000e+00,9.989092e-01,9.938532e+02
2.345000e+00,9.981948e-01,9.931422e+02
2.350000e+00,9.974791e-01,9.924300e+02
2.355000e+00,9.967622e-01,9.917166e+02
2.360000e+00,9.960441e-01,9.910020e+02
2.365000e+00,9.953248e-01,9.902862e+02
2.370000e+00,9.946043e-01,9.895692e+02
2.375000e+00,9.938826e-01,9.888510e+02
2.380000e+00,9.931596e-01,9.881316e+02
2.385000e+00,9.924355e-01,9.874110e+02
2.390000e+00,9.917101e-01,9.866891e+02
2.395000e+00,9.909835e-01,9.859660e+02
2.400000e+00,9.902557e-01,9.852418e+02
2.405000e+00,9.895266e-01,9.845162e+02
2.410000e+00,9.887963e-01,9.837895e+02
2.415000e+00,9.880648e-01,9.830616e+02
2.420000e+00,9.873321e-01,9.823324e+02
2.425000e+00,9.865981e-01,9.816020e+02
2.430000e+00,9.858629e-01,9.808703e+02
2.435000e+00,9.851264e-01,9.801374e+02
2.440000e+00,9.843887e-01,9.794033e+02
2.445000e+00,9.836497e-01,9.786679e+02
2.450000e+00,9.829095e-01,9.779313e+02
2.455000e+00,9.821681e-01,9.771935e+02
2.460000e+00,9.814253e-01,9.764544e+02
2.465000e+00,9.806814e-01,9.757141e+02
2.470000e+00,9.799362e-01,9.749725e+02
2.475000e+00,9.791897e-01,9.742296e+02
2.480000e+00,9.784420e-01,9.734856e+02
2.485000e+00,9.776930e-01,9.727402e+02
2.490000e+00,9.769427e-01,9.719936e+02
2.495000e+00,9.761912e-01,9.712457e+02
2.500000e+00,9.754384e-01,9.704966e+02
2.505000e+00,9.746843e-01,9.697462e+02
2.510000e+00,9.739290e-01,9.689946e+02
2.515000e+00,9.731724e-01,9.682416e+02
2.520000e+00,9.724145e-01,9.674875e+02
2.525000e+00,9.716553e-01,9.667320e+02
2.530000e+00,9.708949e-01,9.659753e+02
2.535000e+00,9.701332e-01,9.652172e+02
2.540000e+00,9.693701e-01,9.644580e+02
2.545000e+00,9.686059e-01,9.636974e+02
2.550000e+00,9.678403e-01,9.629356e+02
2.555000e+00,9.670734e-01,9.621724e+02
2.560000e+00,9.663052e-01,9.614080e+02
2.565000e+00,9.655358e-01,9.606423e+02
2.570000e+00,9.647651e-01,9.598753e+02
2.575000e+00,9.639930e-01,9.591071e+02
2.580000e+00,9.632197e-01,9.583375e+02
2.585000e+00,9.624450e-01,9.575667e+02
2.590000e+00,9.616691e-01,9.567945e+02
2.595000e+00,9.608919e-01,9.560211e+02
2.600000e+00,9.601133e-01,9.552463e+02
2.605000e+00,9.593335e-01,9.544703e+02
2.610000e+00,9.585523e-01,9.536930e+02
2.615000e+00,9.577699e-01,9.529143e+02
2.620000e+00,9.569861e-01,9.521344e+02
2.625000e+00,9.562010e-01,9.513531e+02
2.630000e+00,9.554146e-01,9.505706e+02
2.635000e+00,9.546269e-01,9.497867e+02
2.640000e+00,9.538379e-01,9.490015e+02
2.645000e+00,9.530475e-01,9.482150e+02
2.650000e+00,9.522559e-01,9.474272e+02
2.655000e+00,9.514629e-01,9.466381e+02
2.660000e+00,9.506686e-01,9.458477e+02
2.665000e+00,9.498729e-01,9.450559e+02
2.670000e+00,9.490760e-01,9.442629e+02
2.675000e+00,9.482777e-01,9.434685e+02
2.680000e+00,9.474780e-01,9.426728e+02
2.685000e+00,9.466771e-01,9.418758e+02
2.690000e+00,9.458748e-01,9.410774e+02
2.695000e+00,9.450712e-01,9.402777e+02
2.700000e+00,9.442663e-01,9.394767e+02
2.705000e+00,9.434600e-01,9.386744e+02
2.710000e+00,9.426524e-01,9.378707e+02
2.715000e+00,9.418434e-01,9.370657e+02
2.720000e+00,9.410331e-01,9.362594e+02
2.725000e+00,9.402215e-01,9.354517e+02
2.730000e+00,9.394085e-01,9.346427e+02
2.735000e+00,9.385941e-01,9.338323e+02
2.740000e+00,9.377785e-01,9.330207e+02
2.745000e+00,9.369614e-01,9.322076e+02
2.750000e+00,9.361431e-01,9.313933e+02
2.755000e+00,9.353234e-01,9.305776e+02
2.760000e+00,9.345023e-01,9.297605e+02
2.765000e+00,9.336799e-01,9.289421e+02
2.770000e+00,9.328561e-01,9.281224e+02
2.775000e+00,9.320310e-01,9.273013e+02
2.780000e+00,9.312045e-01,9.264789e+02
2.785000e+00,9.303766e-01,9.256551e+02
2.790000e+00,9.295474e-01,9.248299e+02
2.795000e+00,9.287169e-01,9.240034e+02
2.800000e+00,9.278849e-01,9.231756e+02
2.805000e+00,9.270516e-01,9.223464e+02
2.810000e+00,9.262170e-01,9.215158e+02
2.815000e+00,9.253810e-01,9.206839e+02
2.820000e+00,9.245436e-01,9.198506e+02
2.825000e+00,9.237048e-01,9.190160e+02
2.830000e+00,9.228647e-01,9.181800e+02
2.835000e+00,9.220232e-01,9.173426e+02
2.840000e+00,9.211804e-01,9.165039e+02
2.845000e+00,9.203362e-01,9.156638e+02
2.850000e+00,9.194906e-01,9.148224e+02
2.855000e+00,9.186436e-01,9.139796e+02
2.860000e+00,9.177952e-01,9.131354e+02
2.865000e+00,9.169455e-01,9.122898e+02
2.870000e+00,9.160944e-01,9.114429e+02
2.875000e+00,9.152419e-01,9.105946e+02
2.880000e+00,9.143880e-01,9.097449e+02
2.885000e+00,9.135328e-01,9.088938e+02
2.890000e+00,9.126762e-01,9.080414e+02
2.895000e+00,9.118181e-01,9.071876e+02
2.900000e+00,9.109587e-01,9.063324e+02
2.905000e+00,9.100980e-01,9.054759e+02
2.910000e+00,9.092358e-01,9.046180e+02
2.915000e+00,9.083722e-01,9.037586e+02
2.920000e+00,9.075073e-01,9.028979e+02
2.925000e+00,9.066409e-01,9.020359e+02
2.930000e+00,9.057732e-01,9.011724e+02
2.935000e+00,9.049041e-01,9.003075e+02
2.940000e+00,9.040336e-01,8.994413e+02
2.945000e+00,9.031617e-01,8.985737e+02
2.950000e+00,9.022884e-01,8.977047e+02
2.955000e+00,9.014137e-01,8.968343e+02
2.960000e+00,9.005376e-01,8.959625e+02
2.965000e+00,8.996601e-01,8.950893e+02
2.970000e+00,8.987812e-01,8.942147e+02
2.975000e+00,8.979009e-01,8.933388e+02
2.980000e+00,8.970192e-01,8.924614e+02
2.985000e+00,8.961361e-01,8.915826e+02
2.990000e+00,8.952516e-01,8.907025e+02
2.995000e+00,8.943657e-01,8.898209e+02
3.000000e+00,8.934784e-01,8.889380e+02
3.005000e+00,8.925896e-01,8.880536e+02
3.010000e+00,8.916995e-01,8.871679e+02
3.015000e+00,8.908080e-01,8.862807e+02
3.020000e+00,8.899150e-01,8.853922e+02
3.025000e+00,8.890207e-01,8.845022e+02
3.030000e+00,8.881249e-01,8.836109e+02
3.035000e+00,8.872277e-01,8.827181e+02
3.040000e+00,8.863291e-01,8.818240e+02
3.045000e+00,8.854291e-01,8.809284e+02
3.050000e+00,8.845277e-01,8.800314e+02
3.055000e+00,8.836249e-01,8.791330e+02
3.060000e+00,8.827206e-01,8.782332e+02
3.065000e+00,8.818150e-01,8.773320e+02
3.070000e+00,8.809079e-01,8.764294e+02
3.075000e+00,8.799994e-01,8.755254e+02
3.080000e+00,8.790894e-01,8.746199e+02
3.085000e+00,8.781781e-01,8.737130e+02
3.090000e+00,8.772653e-01,8.728048e+02
3.095000e+00,8.763511e-01,8.718951e+02
3.100000e+00,8.754355e-01,8.709840e+02
3.105000e+00,8.745184e-01,8.700714e+02
3.110000e+00,8.735999e-01,8.691575e+02
3.115000e+00,8.726800e-01,8.682421e+02
3.120000e+00,8.717587e-01,8.673253e+02
3.125000e+00,8.708360e-01,8.664071e+02
3.130000e+00,8.699118e-01,8.654875e+02
3.135000e+00,8.689862e-01,8.645665e+02
3.140000e+00,8.680591e-01,8.636440e+02
3.145000e+00,8.671306e-01,8.627201e+02
3.150000e+00,8.662007e-01,8.617948e+02
3.155000e+00,8.652694e-01,8.608680e+02
3.160000e+00,8.643366e-01,8.599398e+02
3.165000e+00,8.634024e-01,8.590102e+02
3.170000e+00,8.624667e-01,8.580792e+02
3.175000e+00,8.615296e-01,8.571467e+02
3.180000e+00,8.605911e-01,8.562128e+02
3.185000e+00,8.596511e-01,8.552775e+02
3.190000e+00,8.587097e-01,8.543407e+02
3.195000e+00,8.577669e-01,8.534025e+02
3.200000e+00,8.568226e-01,8.524629e+02
3.205000e+00,8.558768e-01,8.515219e+02
3.210000e+00,8.549297e-01,8.505794e+02
3.215000e+00,8.539810e-01,8.496354e+02
3.220000e+00,8.530310e-01,8.486901e+02
3.225000e+00,8.520795e-01,8.477432e+02
3.230000e+00,8.511265e-01,8.467950e+02
3.235000e+00,8.501721e-01,8.458453e+02
3.240000e+00,8.492163e-01,8.448942e+02
3.245000e+00,8.482589e-01,8.439416e+02
3.250000e+00,8.473002e-01,8.429876e+02
3.255000e+00,8.463400e-01,8.420322e+02
3.260000e+00,8.453783e-01,8.410753e+02
3.265000e+00,8.444152e-01,8.401169e+02
3.270000e+00,8.434507e-01,8.391571e+02
3.275000e+00,8.424847e-01,8.381959e+02
3.280000e+00,8.415172e-01,8.372332e+02
3.285000e+00,8.405483e-01,8.362691e+02
3.290000e+00,8.395779e-01,8.353035e+02
3.295000e+00,8.386061e-01,8.343365e+02
3.300000e+00,8.376328e-01,8.333680e+02
3.305000e+00,8.366580e-01,8.323981e+02
3.310000e+00,8.356818e-01,8.314267e+02
3.315000e+00,8.347042e-01,8.304539e+02
3.320000e+00,8.337250e-01,8.294796e+02
3.325000e+00,8.327445e-01,8.285039e+02
3.330000e+00,8.317624e-01,8.275267e+02
3.335000e+00,8.307789e-01,8.265481e+02
3.340000e+00,8.297939e-01,8.255680e+02
3.345000e+00,8.288075e-01,8.245864e+02
3.350000e+00,8.278196e-01,8.236034e+02
3.355000e+00,8.268302e-01,8.226189e+02
3.360000e+00,8.258394e-01,8.216330e+02
3.365000e+00,8.248471e-01,8.206456e+02
3.370000e+00,8.238533e-01,8.196568e+02
3.375000e+00,8.228581e-01,8.186665e+02
3.380000e+00,8.218613e-01,8.176747e+02
3.385000e+00,8.208632e-01,8.166815e+02
3.390000e+00,8.198635e-01,8.156868e+02
3.395000e+00,8.188624e-01,8.146906e+02
3.400000e+00,8.178598e-01,8.136930e+02
3.405000e+00,8.168557e-01,8.126939e+02
3.410000e+00,8.158502e-01,8.116934e+02
3.415000e+00,8.148432e-01,8.106914e+02
3.420000e+00,8.138347e-01,8.096879e+02
3.425000e+00,8.128247e-01,8.086829e+02
3.430000e+00,8.118133e-01,8.076765e+02
3.435000e+00,8.108004e-01,8.066686e+02
3.440000e+00,8.097860e-01,8.056592e+02
3.445000e+00,8.087701e-01,8.046484e+02
3.450000e+00,8.077527e-01,8.036361e+02
3.455000e+00,8.067339e-01,8.026223e+02
3.460000e+00,8.057136e-01,8.016071e+02
3.465000e+00,8.046918e-01,8.005903e+02
3.470000e+00,8.036685e-01,7.995721e+02
3.475000e+00,8.026437e-01,7.985525e+02
3.480000e+00,8.016175e-01,7.975313e+02
3.485000e+00,8.005898e-01,7.965087e+02
3.490000e+00,7.995605e-01,7.954846e+02
3.495000e+00,7.985298e-01,7.944590e+02
3.500000e+00,7.974977e-01,7.934320e+02
3.505000e+00,7.964640e-01,7.924034e+02
3.510000e+00,7.954288e-01,7.913734e+02
3.515000e+00,7.943922e-01,7.903419e+02
3.520000e+00,7.933540e-01,7.893089e+02
3.525000e+00,7.923144e-01,7.882745e+02
3.530000e+00,7.912733e-01,7.872385e+02
3.535000e+00,7.902307e-01,7.862011e+02
3.540000e+00,7.891866e-01,7.851622e+02
3.545000e+00,7.881410e-01,7.841218e+02
3.550000e+00,7.870939e-01,7.830799e+02
3.555000e+00,7.860453e-01,7.820366e+02
3.560000e+00,7.849952e-01,7.809917e+02
3.565000e+00,7.839437e-01,7.799454e+02
3.570000e+00,7.828906e-01,7.788975e+02
3.575000e+00,7.818360e-01,7.778482e+02
3.580000e+00,7.807800e-01,7.767974e+02
3.585000e+00,7.797224e-01,7.757451e+02
3.590000e+00,7.786634e-01,7.746913e+02
3.595000e+00,7.776028e-01,7.736361e+02
3.600000e+00,7.765408e-01,7.725793e+02
3.605000e+00,7.754772e-01,7.715210e+02
3.610000e+00,7.744121e-01,7.704613e+02
3.615000e+00,7.733456e-01,7.694001e+02
3.620000e+00,7.722775e-01,7.683373e+02
3.625000e+00,7.712080e-01,7.672731e+02
3.630000e+00,7.701369e-01,7.662073e+02
3.635000e+00,7.690643e-01,7.651401e+02
3.640000e+00,7.679903e-01,7.640714e+02
3.645000e+00,7.669147e-01,7.630012e+02
3.650000e+00,7.658376e-01,7.619295e+02
3.655000e+00,7.647590e-01,7.608562e+02
3.660000e+00,7.636789e-01,7.597815e+02
3.665000e+00,7.625973e-01,7.587053e+02
3.670000e+00,7.615142e-01,7.576276e+02
3.675000e+00,7.604295e-01,7.565484e+02
3.680000e+00,7.593434e-01,7.554677e+02
3.685000e+00,7.582558e-01,7.543854e+02
3.690000e+00,7.571666e-01,7.533017e+02
3.695000e+00,7.560759e-01,7.522165e+02
3.700000e+00,7.549837e-01,7.511297e+02
3.705000e+00,7.538900e-01,7.500415e+02
3.710000e+00,7.527948e-01,7.489518e+02
3.715000e+00,7.516981e-01,7.478605e+02
3.720000e+00,7.505999e-01,7.467677e+02
3.725000e+00,7.495001e-01,7.456735e+02
3.730000e+00,7.483988e-01,7.445777e+02
3.735000e+00,7.472960e-01,7.434804e+02
3.740000e+00,7.461917e-01,7.423816e+02
3.745000e+00,7.450859e-01,7.412813e+02
3.750000e+00,7.439786e-01,7.401795e+02
3.755000e+00,7.428697e-01,7.390762e+02
3.760000e+00,7.417593e-01,7.379713e+02
3.765000e+00,7.406474e-01,7.368650e+02
3.770000e+00,7.395340e-01,7.357571e+02
3.775000e+00,7.384190e-01,7.346478e+02
3.780000e+00,7.373026e-01,7.335369e+02
3.785000e+00,7.361846e-01,7.324245e+02
3.790000e+00,7.350651e-01,7.313105e+02
3.795000e+00,7.339440e-01,7.301951e+02
3.800000e+00,7.328214e-01,7.290781e+02
3.805000e+00,7.316974e-01,7.279597e+02
3.810000e+00,7.305717e-01,7.268397e+02
3.815000e+00,7.294446e-01,7.257182e+02
3.820000e+00,7.283159e-01,7.245951e+02
3.825000e+00,7.271857e-01,7.234706e+02
3.830000e+00,7.260540e-01,7.223445e+02
3.835000e+00,7.249207e-01,7.212169e+02
3.840000e+00,7.237859e-01,7.200878e+02
3.845000e+00,7.226496e-01,7.189572e+02
3.850000e+00,7.215118e-01,7.178250e+02
3.855000e+00,7.203724e-01,7.166913e+02
3.860000e+00,7.192315e-01,7.155561e+02
3.865000e+00,7.180890e-01,7.144194e+02
3.870000e+00,7.169450e-01,7.132811e+02
3.875000e+00,7.157995e-01,7.121414e+02
3.880000e+00,7.146525e-01,7.110001e+02
3.885000e+00,7.135039e-01,7.098572e+02
3.890000e+00,7.123537e-01,7.087129e+02
3.895000e+00,7.112021e-01,7.075670e+02
3.900000e+00,7.100489e-01,7.064195e+02
3.905000e+00,7.088941e-01,7.052706e+02
3.910000e+00,7.077379e-01,7.041201e+02
3.915000e+00,7.065801e-01,7.029681e+02
3.920000e+00,7.054207e-01,7.018146e+02
3.925000e+00,7.042598e-01,7.006595e+02
3.930000e+00,7.030974e-01,6.995029e+02
3.935000e+00,7.019334e-01,6.983447e+02
3.940000e+00,7.007679e-01,6.971851e+02
3.945000e+00,6.996008e-01,6.960238e+02
3.950000e+00,6.984322e-01,6.948611e+02
3.955000e+00,6.972621e-01,6.936968e+02
3.960000e+00,6.960904e-01,6.925310e+02
3.965000e+00,6.949171e-01,6.913636e+02
3.970000e+00,6.937423e-01,6.901948e+02
3.975000e+00,6.925660e-01,6.890243e+02
3.980000e+00,6.913881e-01,6.878524e+02
3.985000e+00,6.902087e-01,6.866788e+02
3.990000e+00,6.890277e-01,6.855038e+02
3.995000e+00,6.878452e-01,6.843272e+02
4.000000e+00,6.866611e-01,6.831491e+02
4.005000e+00,6.854755e-01,6.819694e+02
4.010000e+00,6.842884e-01,6.807882e+02
4.015000e+00,6.830996e-01,6.796054e+02
4.020000e+00,6.819094e-01,6.784211e+02
4.025000e+00,6.807175e-01,6.772353e+02
4.030000e+00,6.795241e-01,6.760479e+02
4.035000e+00,6.783292e-01,6.748590e+02
4.040000e+00,6.771327e-01,6.736685e+02
4.045000e+00,6.759347e-01,6.724765e+02
4.050000e+00,6.747351e-01,6.712829e+02
4.055000e+00,6.735339e-01,6.700878e+02
4.060000e+00,6.723312e-01,6.688911e+02
4.065000e+00,6.711269e-01,6.676929e+02
4.070000e+00,6.699211e-01,6.664931e+02
4.075000e+00,6.687137e-01,6.652918e+02
4.080000e+00,6.675048e-01,6.640890e+02
4.085000e+00,6.662943e-01,6.628845e+02
4.090000e+00,6.650822e-01,6.616786e+02
4.095000e+00,6.638686e-01,6.604711e+02
4.100000e+00,6.626534e-01,6.592620e+02
4.105000e+00,6.614367e-01,6.580514e+02
4.110000e+00,6.602184e-01,6.568392e+02
4.115000e+00,6.589985e-01,6.556254e+02
4.120000e+00,6.577771e-01,6.544102e+02
4.125000e+00,6.565541e-01,6.531933e+02
4.130000e+00,6.553295e-01,6.519749e+02
4.135000e+00,6.541034e-01,6.507549e+02
4.140000e+00,6.528757e-01,6.495334e+02
4.145000e+00,6.516464e-01,6.483103e+02
4.150000e+00,6.504156e-01,6.470857e+02
4.155000e+00,6.491832e-01,6.458595e+02
4.160000e+00,6.479492e-01,6.446318e+02
4.165000e+00,6.467137e-01,6.434025e+02
4.170000e+00,6.454766e-01,6.421716e+02
4.175000e+00,6.442379e-01,6.409391e+02
4.180000e+00,6.429977e-01,6.397051e+02
4.185000e+00,6.417558e-01,6.384696e+02
4.190000e+00,6.405124e-01,6.372325e+02
4.195000e+00,6.392675e-01,6.359938e+02
4.200000e+00,6.380209e-01,6.347535e+02
4.205000e+00,6.367728e-01,6.335117e+02
4.210000e+00,6.355232e-01,6.322683e+02
4.215000e+00,6.342719e-01,6.310234e+02
4.220000e+00,6.330191e-01,6.297768e+02
4.225000e+00,6.317647e-01,6.285288e+02
4.230000e+00,6.305087e-01,6.272791e+02
4.235000e+00,6.292511e-01,6.260279e+02
4.240000e+00,6.279920e-01,6.247751e+02
4.245000e+00,6.267312e-01,6.235207e+02
4.250000e+00,6.254689e-01,6.222648e+02
4.255000e+00,6.242051e-01,6.210073e+02
4.260000e+00,6.229396e-01,6.197482e+02
4.265000e+00,6.216726e-01,6.184876e+02
4.270000e+00,6.204039e-01,6.172253e+02
4.275000e+00,6.191337e-01,6.159615e+02
4.280000e+00,6.178620e-01,6.146962e+02
4.285000e+00,6.165886e-01,6.134292e+02
4.290000e+00,6.153136e-01,6.121607e+02
4.295000e+00,6.140371e-01,6.108906e+02
4.300000e+00,6.127590e-01,6.096190e+02
4.305000e+00,6.114793e-01,6.083457e+02
4.310000e+00,6.101980e-01,6.070709e+02
4.315000e+00,6.089151e-01,6.057945e+02
4.320000e+00,6.076306e-01,6.045165e+02
4.325000e+00,6.063446e-01,6.032369e+02
4.330000e+00,6.050569e-01,6.019558e+02
4.335000e+00,6.037677e-01,6.006731e+02
4.340000e+00,6.024769e-01,5.993888e+02
4.345000e+00,6.011845e-01,5.981029e+02
4.350000e+00,5.998904e-01,5.968154e+02
4.355000e+00,5.985949e-01,5.955264e+02
4.360000e+00,5.972977e-01,5.942357e+02
4.365000e+00,5.959989e-01,5.929435e+02
4.370000e+00,5.946985e-01,5.916497e+02
4.375000e+00,5.933965e-01,5.903543e+02
4.380000e+00,5.920930e-01,5.890574e+02
4.385000e+00,5.907878e-01,5.877588e+02
4.390000e+00,5.894811e-01,5.864587e+02
4.395000e+00,5.881727e-01,5.851569e+02
4.400000e+00,5.868628e-01,5.838536e+02
4.405000e+00,5.855512e-01,5.825487e+02
4.410000e+00,5.842381e-01,5.812422e+02
4.415000e+00,5.829233e-01,5.799341e+02
4.420000e+00,5.816070e-01,5.786244e+02
4.425000e+00,5.802891e-01,5.773132e+02
4.430000e+00,5.789695e-01,5.760003e+02
4.435000e+00,5.776484e-01,5.746858e+02
4.440000e+00,5.763256e-01,5.733698e+02
4.445000e+00,5.750013e-01,5.720522e+02
4.450000e+00,5.736753e-01,5.707329e+02
4.455000e+00,5.723478e-01,5.694121e+02
4.460000e+00,5.710186e-01,5.680897e+02
4.465000e+00,5.696879e-01,5.667656e+02
4.470000e+00,5.683555e-01,5.654400e+02
4.475000e+00,5.670215e-01,5.641128e+02
4.480000e+00,5.656860e-01,5.627840e+02
4.485000e+00,5.643488e-01,5.614536e+02
4.490000e+00,5.630100e-01,5.601216e+02
4.495000e+00,5.616696e-01,5.587880e+02
4.500000e+00,5.603276e-01,5.574528e+02
4.505000e+00,5.589840e-01,5.561160e+02
4.510000e+00,5.576387e-01,5.547775e+02
4.515000e+00,5.562919e-01,5.534375e+02
4.520000e+00,5.549435e-01,5.520959e+02
4.525000e+00,5.535934e-01,5.507527e+02
4.530000e+00,5.522417e-01,5.494079e+02
4.535000e+00,5.508884e-01,5.480615e+02
4.540000e+00,5.495335e-01,5.467134e+02
4.545000e+00,5.481770e-01,5.453638e+02
4.550000e+00,5.468189e-01,5.440125e+02
4.555000e+00,5.454591e-01,5.426597e+02
4.560000e+00,5.440978e-01,5.413052e+02
4.565000e+00,5.427348e-01,5.399492e+02
4.570000e+00,5.413702e-01,5.385915e+02
4.575000e+00,5.400040e-01,5.372322e+02
4.580000e+00,5.386362e-01,5.358713e+02
4.585000e+00,5.372667e-01,5.345088e+02
4.590000e+00,5.358956e-01,5.331447e+02
4.595000e+00,5.345230e-01,5.317790e+02
4.600000e+00,5.331486e-01,5.304117e+02
4.605000e+00,5.317727e-01,5.290427e+02
4.610000e+00,5.303952e-01,5.276722e+02
4.615000e+00,5.290160e-01,5.263000e+02
4.620000e+00,5.276352e-01,5.249262e+02
4.625000e+00,5.262528e-01,5.235508e+02
4.630000e+00,5.248687e-01,5.221738e+02
4.635000e+00,5.234830e-01,5.207951e+02
4.640000e+00,5.220957e-01,5.194149e+02
4.645000e+00,5.207068e-01,5.180330e+02
4.650000e+00,5.193163e-01,5.166495e+02
4.655000e+00,5.179241e-01,5.152644e+02
4.660000e+00,5.165303e-01,5.138777e+02
4.665000e+00,5.151348e-01,5.124893e+02
4.670000e+00,5.137378e-01,5.110994e+02
4.675000e+00,5.123391e-01,5.097078e+02
4.680000e+00,5.109387e-01,5.083146e+02
4.685000e+00,5.095368e-01,5.069198e+02
4.690000e+00,5.081332e-01,5.055233e+02
4.695000e+00,5.067280e-01,5.041252e+02
4.700000e+00,5.053211e-01,5.027255e+02
4.705000e+00,5.039126e-01,5.013242e+02
4.710000e+00,5.025025e-01,4.999212e+02
4.715000e+00,5.010907e-01,4.985167e+02
4.720000e+00,4.996774e-01,4.971105e+02
4.725000e+00,4.982623e-01,4.957026e+02
4.730000e+00,4.968457e-01,4.942932e+02
4.735000e+00,4.954274e-01,4.928821e+02
4.740000e+00,4.940074e-01,4.914694e+02
4.745000e+00,4.925858e-01,4.900550e+02
4.750000e+00,4.911626e-01,4.886390e+02
4.755000e+00,4.897378e-01,4.872214e+02
4.760000e+00,4.883113e-01,4.858022e+02
4.765000e+00,4.868831e-01,4.843813e+02
4.770000e+00,4.854533e-01,4.829588e+02
4.775000e+00,4.840219e-01,4.815347e+02
4.780000e+00,4.825888e-01,4.801089e+02
4.785000e+00,4.811541e-01,4.786815e+02
4.790000e+00,4.797178e-01,4.772525e+02
4.795000e+00,4.782798e-01,4.758218e+02
4.800000e+00,4.768401e-01,4.743895e+02
4.805000e+00,4.753988e-01,4.729555e+02
4.810000e+00,4.739559e-01,4.715200e+02
4.815000e+00,4.725113e-01,4.700827e+02
4.820000e+00,4.710651e-01,4.686439e+02
4.825000e+00,4.696172e-01,4.672034e+02
4.830000e+00,4.681677e-01,4.657612e+02
4.835000e+00,4.667165e-01,4.643174e+02
4.840000e+00,4.652637e-01,4.628720e+02
4.845000e+00,4.638092e-01,4.614249e+02
4.850000e+00,4.623531e-01,4.599762e+02
4.855000e+00,4.608953e-01,4.585259e+02
4.860000e+00,4.594358e-01,4.570739e+02
4.865000e+00,4.579747e-01,4.556202e+02
4.870000e+00,4.565120e-01,4.541650e+02
4.875000e+00,4.550476e-01,4.527080e+02
4.880000e+00,4.535816e-01,4.512494e+02
4.885000e+00,4.521138e-01,4.497892e+02
4.890000e+00,4.506445e-01,4.483273e+02
4.895000e+00,4.491734e-01,4.468638e+02
4.900000e+00,4.477008e-01,4.453987e+02
4.905000e+00,4.462264e-01,4.439318e+02
4.910000e+00,4.447504e-01,4.424634e+02
4.915000e+00,4.432728e-01,4.409932e+02
4.920000e+00,4.417934e-01,4.395215e+02
4.925000e+00,4.403125e-01,4.380480e+02
4.930000e+00,4.388298e-01,4.365730e+02
4.935000e+00,4.373455e-01,4.350962e+02
4.940000e+00,4.358595e-01,4.336179e+02
4.945000e+00,4.343719e-01,4.321378e+02
4.950000e+00,4.328826e-01,4.306561e+02
4.955000e+00,4.313917e-01,4.291728e+02
4.960000e+00,4.298990e-01,4.276878e+02
4.965000e+00,4.284047e-01,4.262011e+02
4.970000e+00,4.269088e-01,4.247128e+02
4.975000e+00,4.254112e-01,4.232228e+02
4.980000e+00,4.239119e-01,4.217312e+02
4.985000e+00,4.224109e-01,4.202379e+02
4.990000e+00,4.209083e-01,4.187429e+02
4.995000e+00,4.194040e-01,4.172463e+02
5.000000e+00,4.178980e-01,4.157480e+02
5.005000e+00,4.163903e-01,4.142481e+02
5.010000e+00,4.148810e-01,4.127465e+02
5.015000e+00,4.133700e-01,4.112432e+02
5.020000e+00,4.118574e-01,4.097383e+02
5.025000e+00,4.103430e-01,4.082317e+02
5.030000e+00,4.088270e-01,4.067234e+02
5.035000e+00,4.073093e-01,4.052135e+02
5.040000e+00,4.057900e-01,4.037019e+02
5.045000e+00,4.042689e-01,4.021886e+02
5.050000e+00,4.027462e-01,4.006737e+02
5.055000e+00,4.012218e-01,3.991571e+02
5.060000e+00,3.996958e-01,3.976389e+02
5.065000e+00,3.981680e-01,3.961189e+02
5.070000e+00,3.966386e-01,3.945973e+02
5.075000e+00,3.951075e-01,3.930740e+02
5.080000e+00,3.935747e-01,3.915491e+02
5.085000e+00,3.920402e-01,3.900225e+02
5.090000e+00,3.905041e-01,3.884942e+02
5.095000e+00,3.889662e-01,3.869642e+02
5.100000e+00,3.874267e-01,3.854325e+02
5.105000e+00,3.858855e-01,3.838992e+02
5.110000e+00,3.843426e-01,3.823642e+02
5.115000e+00,3.827980e-01,3.808276e+02
5.120000e+00,3.812518e-01,3.792892e+02
5.125000e+00,3.797038e-01,3.777492e+02
5.130000e+00,3.781542e-01,3.762075e+02
5.135000e+00,3.766029e-01,3.746641e+02
5.140000e+00,3.750498e-01,3.731190e+02
5.145000e+00,3.734951e-01,3.715723e+02
5.150000e+00,3.719387e-01,3.700239e+02
5.155000e+00,3.703807e-01,3.684738e+02
5.160000e+00,3.688209e-01,3.669220e+02
5.165000e+00,3.672594e-01,3.653685e+02
5.170000e+00,3.656963e-01,3.638134e+02
5.175000e+00,3.641314e-01,3.622565e+02
5.180000e+00,3.625649e-01,3.606980e+02
5.185000e+00,3.609966e-01,3.591378e+02
5.190000e+00,3.594267e-01,3.575759e+02
5.195000e+00,3.578550e-01,3.560123e+02
5.200000e+00,3.562817e-01,3.544470e+02
5.205000e+00,3.547067e-01,3.528801e+02
5.210000e+00,3.531300e-01,3.513114e+02
5.215000e+00,3.515515e-01,3.497411e+02
5.220000e+00,3.499714e-01,3.481691e+02
5.225000e+00,3.483896e-01,3.465954e+02
5.230000e+00,3.468061e-01,3.450199e+02
5.235000e+00,3.452208e-01,3.434428e+02
5.240000e+00,3.436339e-01,3.418640e+02
5.245000e+00,3.420453e-01,3.402836e+02
5.250000e+00,3.404549e-01,3.387014e+02
5.255000e+00,3.388629e-01,3.371175e+02
5.260000e+00,3.372691e-01,3.355319e+02
5.265000e+00,3.356737e-01,3.339447e+02
5.270000e+00,3.340765e-01,3.323557e+02
5.275000e+00,3.324777e-01,3.307650e+02
5.280000e+00,3.308771e-01,3.291727e+02
5.285000e+00,3.292748e-01,3.275786e+02
5.290000e+00,3.276708e-01,3.259829e+02
5.295000e+00,3.260651e-01,3.243854e+02
5.300000e+00,3.244577e-01,3.227862e+02
5.305000e+00,3.228486e-01,3.211854e+02
5.310000e+00,3.212378e-01,3.195828e+02
5.315000e+00,3.196252e-01,3.179785e+02
5.320000e+00,3.180110e-01,3.163726e+02
5.325000e+00,3.163950e-01,3.147649e+02
5.330000e+00,3.147773e-01,3.131555e+02
5.335000e+00,3.131579e-01,3.115444e+02
5.340000e+00,3.115368e-01,3.099316e+02
5.345000e+00,3.099140e-01,3.083171e+02
5.350000e+00,3.082895e-01,3.067009e+02
5.355000e+00,3.066632e-01,3.050830e+02
5.360000e+00,3.050352e-01,3.034634e+02
5.365000e+00,3.034055e-01,3.018420e+02
5.370000e+00,3.017741e-01,3.002190e+02
5.375000e+00,3.001409e-01,2.985942e+02
5.380000e+00,2.985061e-01,2.969678e+02
5.385000e+00,2.968695e-01,2.953396e+02
5.390000e+00,2.952312e-01,2.937097e+02
5.395000e+00,2.935911e-01,2.920781e+02
5.400000e+00,2.919494e-01,2.904448e+02
5.405000e+00,2.903059e-01,2.888097e+02
5.410000e+00,2.886607e-01,2.871730e+02
5.415000e+00,2.870138e-01,2.855345e+02
5.420000e+00,2.853651e-01,2.838943e+02
5.425000e+00,2.837147e-01,2.822524e+02
5.430000e+00,2.820626e-01,2.806088e+02
5.435000e+00,2.804088e-01,2.789634e+02
5.440000e+00,2.787532e-01,2.773164e+02
5.445000e+00,2.770959e-01,2.756676e+02
5.450000e+00,2.754368e-01,2.740171e+02
5.455000e+00,2.737761e-01,2.723648e+02
5.460000e+00,2.721136e-01,2.707109e+02
5.465000e+00,2.704494e-01,2.690552e+02
5.470000e+00,2.687834e-01,2.673978e+02
5.475000e+00,2.671157e-01,2.657387e+02
5.480000e+00,2.654463e-01,2.640778e+02
5.485000e+00,2.637751e-01,2.624152e+02
5.490000e+00,2.621022e-01,2.607509e+02
5.495000e+00,2.604275e-01,2.590849e+02
5.500000e+00,2.587511e-01,2.574171e+02
5.505000e+00,2.570730e-01,2.557476e+02
5.510000e+00,2.553932e-01,2.540764e+02
5.515000e+00,2.537116e-01,2.524035e+02
5.520000e+00,2.520282e-01,2.507288e+02
5.525000e+00,2.503431e-01,2.490524e+02
5.530000e+00,2.486563e-01,2.473742e+02
5.535000e+00,2.469677e-01,2.456943e+02
5.540000e+00,2.452774e-01,2.440127e+02
5.545000e+00,2.435854e-01,2.423294e+02
5.550000e+00,2.418916e-01,2.406443e+02
5.555000e+00,2.401960e-01,2.389574e+02
5.560000e+00,2.384987e-01,2.372689e+02
5.565000e+00,2.367997e-01,2.355786e+02
5.570000e+00,2.350989e-01,2.338865e+02
5.575000e+00,2.333963e-01,2.321928e+02
5.580000e+00,2.316920e-01,2.304972e+02
5.585000e+00,2.299860e-01,2.288000e+02
5.590000e+00,2.282782e-01,2.271010e+02
5.595000e+00,2.265687e-01,2.254002e+02
5.600000e+00,2.248574e-01,2.236977e+02
5.605000e+00,2.231443e-01,2.219935e+02
5.610000e+00,2.214295e-01,2.202875e+02
5.615000e+00,2.197130e-01,2.185798e+02
5.620000e+00,2.179947e-01,2.168704e+02
5.625000e+00,2.162746e-01,2.151591e+02
5.630000e+00,2.145528e-01,2.134462e+02
5.635000e+00,2.128292e-01,2.117315e+02
5.640000e+00,2.111038e-01,2.100150e+02
5.645000e+00,2.093767e-01,2.082968e+02
5.650000e+00,2.076479e-01,2.065768e+02
5.655000e+00,2.059173e-01,2.048551e+02
5.660000e+00,2.041849e-01,2.031317e+02
5.665000e+00,2.024507e-01,2.014065e+02
5.670000e+00,2.007148e-01,1.996795e+02
5.675000e+00,1.989772e-01,1.979508e+02
5.680000e+00,1.972377e-01,1.962203e+02
5.685000e+00,1.954965e-01,1.944881e+02
5.690000e+00,1.937536e-01,1.927541e+02
5.695000e+00,1.920088e-01,1.910184e+02
5.700000e+00,1.902624e-01,1.892808e+02
5.705000e+00,1.885141e-01,1.875416e+02
5.710000e+00,1.867641e-01,1.858006e+02
5.715000e+00,1.850122e-01,1.840578e+02
5.720000e+00,1.832587e-01,1.823133e+02
5.725000e+00,1.815033e-01,1.805670e+02
5.730000e+00,1.797462e-01,1.788189e+02
5.735000e+00,1.779873e-01,1.770691e+02
5.740000e+00,1.762267e-01,1.753175e+02
5.745000e+00,1.744642e-01,1.735641e+02
5.750000e+00,1.727000e-01,1.718090e+02
5.755000e+00,1.709340e-01,1.700521e+02
5.760000e+00,1.691663e-01,1.682935e+02
5.765000e+00,1.673967e-01,1.665331e+02
5.770000e+00,1.656254e-01,1.647709e+02
5.775000e+00,1.638523e-01,1.630069e+02
5.780000e+00,1.620775e-01,1.612412e+02
5.785000e+00,1.603008e-01,1.594737e+02
5.790000e+00,1.585224e-01,1.577044e+02
5.795000e+00,1.567422e-01,1.559334e+02
5.800000e+00,1.549602e-01,1.541606e+02
5.805000e+00,1.531764e-01,1.523860e+02
5.810000e+00,1.513908e-01,1.506096e+02
5.815000e+00,1.496035e-01,1.488315e+02
5.820000e+00,1.478143e-01,1.470516e+02
5.825000e+00,1.460234e-01,1.452699e+02
5.830000e+00,1.442307e-01,1.434865e+02
5.835000e+00,1.424362e-01,1.417012e+02
5.840000e+00,1.406399e-01,1.399142e+02
5.845000e+00,1.388419e-01,1.381254e+02
5.850000e+00,1.370420e-01,1.363348e+02
5.855000e+00,1.352404e-01,1.345425e+02
5.860000e+00,1.334369e-01,1.327483e+02
5.865000e+00,1.316317e-01,1.309524e+02
5.870000e+00,1.298247e-01,1.291547e+02
5.875000e+00,1.280158e-01,1.273552e+02
5.880000e+00,1.262052e-01,1.255539e+02
5.885000e+00,1.243928e-01,1.237508e+02
5.890000e+00,1.225786e-01,1.219460e+02
5.895000e+00,1.207626e-01,1.201394e+02
5.900000e+00,1.189448e-01,1.183309e+02
5.905000e+00,1.171252e-01,1.165207e+02
5.910000e+00,1.153038e-01,1.147087e+02
5.915000e+00,1.134806e-01,1.128949e+02
5.920000e+00,1.116556e-01,1.110793e+02
5.925000e+00,1.098288e-01,1.092620e+02
5.930000e+00,1.080002e-01,1.074428e+02
5.935000e+00,1.061698e-01,1.056218e+02
5.940000e+00,1.043376e-01,1.037991e+02
5.945000e+00,1.025036e-01,1.019745e+02
5.950000e+00,1.006678e-01,1.001482e+02
5.955000e+00,9.883013e-02,9.832003e+01
5.960000e+00,9.699070e-02,9.649009e+01
5.965000e+00,9.514946e-02,9.465835e+01
5.970000e+00,9.330641e-02,9.282481e+01
5.975000e+00,9.146155e-02,9.098947e+01
5.980000e+00,8.961488e-02,8.915233e+01
5.985000e+00,8.776640e-02,8.731339e+01
5.990000e+00,8.591611e-02,8.547265e+01
5.995000e+00,8.406401e-02,8.363010e+01
6.000000e+00,8.221009e-02,8.178575e+01
6.005000e+00,8.035436e-02,7.993960e+01
6.010000e+00,7.849682e-02,7.809164e+01
6.015000e+00,7.663746e-02,7.624187e+01
6.020000e+00,7.477628e-02,7.439030e+01
6.025000e+00,7.291328e-02,7.253692e+01
6.030000e+00,7.104847e-02,7.068173e+01
6.035000e+00,6.918184e-02,6.882473e+01
6.040000e+00,6.731339e-02,6.696592e+01
6.045000e+00,6.544311e-02,6.510530e+01
6.050000e+00,6.357102e-02,6.324287e+01
6.055000e+00,6.169711e-02,6.137863e+01
6.060000e+00,5.982137e-02,5.951257e+01
6.065000e+00,5.794380e-02,5.764470e+01
6.070000e+00,5.606442e-02,5.577501e+01
6.075000e+00,5.418321e-02,5.390351e+01
6.080000e+00,5.230017e-02,5.203019e+01
6.085000e+00,5.041530e-02,5.015505e+01
6.090000e+00,4.852861e-02,4.827810e+01
6.095000e+00,4.664009e-02,4.639933e+01
6.100000e+00,4.474974e-02,4.451873e+01
6.105000e+00,4.285755e-02,4.263632e+01
6.110000e+00,4.096354e-02,4.075208e+01
6.115000e+00,3.906770e-02,3.886602e+01
6.120000e+00,3.717002e-02,3.697814e+01
6.125000e+00,3.527051e-02,3.508843e+01
6.130000e+00,3.336916e-02,3.319690e+01
6.135000e+00,3.146598e-02,3.130355e+01
6.140000e+00,2.956097e-02,2.940837e+01
6.145000e+00,2.765411e-02,2.751136e+01
6.150000e+00,2.574542e-02,2.561252e+01
6.155000e+00,2.383489e-02,2.371185e+01
6.160000e+00,2.192252e-02,2.180935e+01
6.165000e+00,2.000831e-02,1.990503e+01
6.170000e+00,1.809227e-02,1.799887e+01
6.175000e+00,1.617437e-02,1.609088e+01
6.180000e+00,1.425464e-02,1.418105e+01
6.185000e+00,1.233306e-02,1.226939e+01
6.190000e+00,1.040964e-02,1.035590e+01
6.195000e+00,8.484372e-03,8.440573e+00
6.200000e+00,6.557259e-03,6.523408e+00
6.205000e+00,4.628298e-03,4.604406e+00
6.210000e+00,2.697491e-03,2.683565e+00
6.215000e+00,7.648345e-04,7.608862e-01
6.220000e+00,-1.169671e-03,-1.163633e+00
6.225000e+00,-3.106027e-03,-3.089993e+00
6.230000e+00,-5.044234e-03,-5.018194e+00
6.235000e+00,-6.984292e-03,-6.948237e+00
6.240000e+00,-8.926204e-03,-8.880124e+00
6.245000e+00,-1.086997e-02,-1.081385e+01
6.250000e+00,-1.281559e-02,-1.274943e+01
6.255000e+00,-1.476306e-02,-1.468685e+01
6.260000e+00,-1.671239e-02,-1.662612e+01
6.265000e+00,-1.866358e-02,-1.856723e+01
6.270000e+00,-2.061663e-02,-2.051020e+01
6.275000e+00,-2.257153e-02,-2.245501e+01
6.280000e+00,-2.452829e-02,-2.440167e+01
6.285000e+00,-2.648692e-02,-2.635019e+01
6.290000e+00,-2.844740e-02,-2.830055e+01
6.295000e+00,-3.040975e-02,-3.025277e+01
6.300000e+00,-3.237396e-02,-3.220684e+01
6.305000e+00,-3.434004e-02,-3.416276e+01
6.310000e+00,-3.630797e-02,-3.612055e+01
6.315000e+00,-3.827778e-02,-3.808018e+01
6.320000e+00,-4.024945e-02,-4.004167e+01
6.325000e+00,-4.222299e-02,-4.200503e+01
6.330000e+00,-4.419839e-02,-4.397023e+01
6.335000e+00,-4.617567e-02,-4.593730e+01
6.340000e+00,-4.815481e-02,-4.790623e+01
6.345000e+00,-5.013583e-02,-4.987702e+01
6.350000e+00,-5.211871e-02,-5.184967e+01
6.355000e+00,-5.410347e-02,-5.382419e+01
6.360000e+00,-5.609011e-02,-5.580057e+01
6.365000e+00,-5.807861e-02,-5.777881e+01
6.370000e+00,-6.006900e-02,-5.975892e+01
6.375000e+00,-6.206125e-02,-6.174090e+01
6.380000e+00,-6.405539e-02,-6.372474e+01
6.385000e+00,-6.605140e-02,-6.571045e+01
6.390000e+00,-6.804929e-02,-6.769803e+01
6.395000e+00,-7.004906e-02,-6.968748e+01
6.400000e+00,-7.205071e-02,-7.167880e+01
6.405000e+00,-7.405424e-02,-7.367199e+01
6.410000e+00,-7.605966e-02,-7.566706e+01
6.415000e+00,-7.806696e-02,-7.766400e+01
6.420000e+00,-8.007614e-02,-7.966281e+01
6.425000e+00,-8.208720e-02,-8.166350e+01
6.430000e+00,-8.410015e-02,-8.366606e+01
6.435000e+00,-8.611499e-02,-8.567050e+01
6.440000e+00,-8.813172e-02,-8.767682e+01
6.445000e+00,-9.015033e-02,-8.968502e+01
6.450000e+00,-9.217083e-02,-9.169509e+01
6.455000e+00,-9.419322e-02,-9.370705e+01
6.460000e+00,-9.621751e-02,-9.572089e+01
6.465000e+00,-9.824368e-02,-9.773661e+01
6.470000e+00,-1.002717e-01,-9.975422e+01
6.475000e+00,-1.023017e-01,-1.017737e+02
6.480000e+00,-1.043336e-01,-1.037951e+02
6.485000e+00,-1.063673e-01,-1.058183e+02
6.490000e+00,-1.084030e-01,-1.078435e+02
6.495000e+00,-1.104405e-01,-1.098705e+02
6.500000e+00,-1.124800e-01,-1.118994e+02
6.505000e+00,-1.145213e-01,-1.139303e+02
6.510000e+00,-1.165645e-01,-1.159630e+02
6.515000e+00,-1.186097e-01,-1.179975e+02
6.520000e+00,-1.206567e-01,-1.200340e+02
6.525000e+00,-1.227057e-01,-1.220724e+02
6.530000e+00,-1.247565e-01,-1.241127e+02
6.535000e+00,-1.268093e-01,-1.261549e+02
6.540000e+00,-1.288639e-01,-1.281989e+02
6.545000e+00,-1.309205e-01,-1.302449e+02
6.550000e+00,-1.329790e-01,-1.322927e+02
6.555000e+00,-1.350394e-01,-1.343425e+02
6.560000e+00,-1.371017e-01,-1.363942e+02
6.565000e+00,-1.391659e-01,-1.384477e+02
6.570000e+00,-1.412320e-01,-1.405032e+02
6.575000e+00,-1.433000e-01,-1.425605e+02
6.580000e+00,-1.453699e-01,-1.446198e+02
6.585000e+00,-1.474418e-01,-1.466810e+02
6.590000e+00,-1.495155e-01,-1.487440e+02
6.595000e+00,-1.515912e-01,-1.508090e+02
6.600000e+00,-1.536688e-01,-1.528759e+02
6.605000e+00,-1.557483e-01,-1.549447e+02
6.610000e+00,-1.578298e-01,-1.570154e+02
6.615000e+00,-1.599131e-01,-1.590880e+02
6.620000e+00,-1.619984e-01,-1.611625e+02
6.625000e+00,-1.640856e-01,-1.632390e+02
6.630000e+00,-1.661747e-01,-1.653173e+02
6.635000e+00,-1.682657e-01,-1.673976e+02
6.640000e+00,-1.703587e-01,-1.694798e+02
6.645000e+00,-1.724536e-01,-1.715638e+02
6.650000e+00,-1.745504e-01,-1.736498e+02
6.655000e+00,-1.766491e-01,-1.757378e+02
6.660000e+00,-1.787498e-01,-1.778276e+02
6.665000e+00,-1.808524e-01,-1.799194e+02
6.670000e+00,-1.829569e-01,-1.820131e+02
6.675000e+00,-1.850634e-01,-1.841087e+02
6.680000e+00,-1.871718e-01,-1.862062e+02
6.685000e+00,-1.892821e-01,-1.883056e+02
6.690000e+00,-1.913943e-01,-1.904070e+02
6.695000e+00,-1.935085e-01,-1.925103e+02
6.700000e+00,-1.956246e-01,-1.946155e+02
6.705000e+00,-1.977427e-01,-1.967227e+02
6.710000e+00,-1.998627e-01,-1.988317e+02
6.715000e+00,-2.019846e-01,-2.009427e+02
6.720000e+00,-2.041085e-01,-2.030557e+02
6.725000e+00,-2.062343e-01,-2.051705e+02
6.730000e+00,-2.083620e-01,-2.072873e+02
6.735000e+00,-2.104917e-01,-2.094061e+02
6.740000e+00,-2.126234e-01,-2.115267e+02
6.745000e+00,-2.147570e-01,-2.136493e+02
6.750000e+00,-2.168925e-01,-2.157738e+02
6.755000e+00,-2.190299e-01,-2.179003e+02
6.760000e+00,-2.211694e-01,-2.200287e+02
6.765000e+00,-2.233107e-01,-2.221591e+02
6.770000e+00,-2.254540e-01,-2.242913e+02
6.775000e+00,-2.275993e-01,-2.264256e+02
6.780000e+00,-2.297465e-01,-2.285617e+02
6.785000e+00,-2.318957e-01,-2.306998e+02
6.790000e+00,-2.340468e-01,-2.328399e+02
6.795000e+00,-2.361999e-01,-2.349819e+02
6.800000e+00,-2.383549e-01,-2.371258e+02
6.805000e+00,-2.405119e-01,-2.392717e+02
6.810000e+00,-2.426708e-01,-2.414195e+02
6.815000e+00,-2.448317e-01,-2.435693e+02
6.820000e+00,-2.469945e-01,-2.457210e+02
6.825000e+00,-2.491594e-01,-2.478747e+02
6.830000e+00,-2.513261e-01,-2.500303e+02
6.835000e+00,-2.534949e-01,-2.521879e+02
6.840000e+00,-2.556656e-01,-2.543474e+02
6.845000e+00,-2.578382e-01,-2.565089e+02
6.850000e+00,-2.600128e-01,-2.586723e+02
6.855000e+00,-2.621894e-01,-2.608377e+02
6.860000e+00,-2.643680e-01,-2.630051e+02
6.865000e+00,-2.665485e-01,-2.651744e+02
6.870000e+00,-2.687310e-01,-2.673457e+02
6.875000e+00,-2.709154e-01,-2.695189e+02
6.880000e+00,-2.731019e-01,-2.716941e+02
6.885000e+00,-2.752903e-01,-2.738712e+02
6.890000e+00,-2.774806e-01,-2.760503e+02
6.895000e+00,-2.796730e-01,-2.782314e+02
6.900000e+00,-2.818673e-01,-2.804145e+02
6.905000e+00,-2.840636e-01,-2.825995e+02
6.910000e+00,-2.862618e-01,-2.847864e+02
6.915000e+00,-2.884621e-01,-2.869754e+02
6.920000e+00,-2.906643e-01,-2.891663e+02
6.925000e+00,-2.928685e-01,-2.913592e+02
6.930000e+00,-2.950747e-01,-2.935540e+02
6.935000e+00,-2.972829e-01,-2.957508e+02
6.940000e+00,-2.994930e-01,-2.979496e+02
6.945000e+00,-3.017051e-01,-3.001504e+02
6.950000e+00,-3.039192e-01,-3.023532e+02
6.955000e+00,-3.061353e-01,-3.045579e+02
6.960000e+00,-3.083534e-01,-3.067646e+02
6.965000e+00,-3.105735e-01,-3.089732e+02
6.970000e+00,-3.127956e-01,-3.111839e+02
6.975000e+00,-3.150196e-01,-3.133965e+02
6.980000e+00,-3.172456e-01,-3.156111e+02
6.985000e+00,-3.194737e-01,-3.178277e+02
6.990000e+00,-3.217037e-01,-3.200463e+02
6.995000e+00,-3.239357e-01,-3.222669e+02
7.000000e+00,-3.261697e-01,-3.244894e+02
7.005000e+00,-3.284057e-01,-3.267140e+02
7.010000e+00,-3.306437e-01,-3.289405e+02
7.015000e+00,-3.328837e-01,-3.311690e+02
7.020000e+00,-3.351257e-01,-3.333995e+02
7.025000e+00,-3.373697e-01,-3.356320e+02
7.030000e+00,-3.396157e-01,-3.378665e+02
7.035000e+00,-3.418637e-01,-3.401029e+02
7.040000e+00,-3.441137e-01,-3.423414e+02
7.045000e+00,-3.463657e-01,-3.445819e+02
7.050000e+00,-3.486197e-01,-3.468243e+02
7.055000e+00,-3.508757e-01,-3.490688e+02
7.060000e+00,-3.531338e-01,-3.513152e+02
7.065000e+00,-3.553938e-01,-3.535637e+02
7.070000e+00,-3.576558e-01,-3.558141e+02
7.075000e+00,-3.599199e-01,-3.580666e+02
7.080000e+00,-3.621859e-01,-3.603210e+02
7.085000e+00,-3.644540e-01,-3.625775e+02
7.090000e+00,-3.667241e-01,-3.648359e+02
7.095000e+00,-3.689962e-01,-3.670964e+02
7.100000e+00,-3.712703e-01,-3.693588e+02
7.105000e+00,-3.735464e-01,-3.716233e+02
7.110000e+00,-3.758246e-01,-3.738898e+02
7.115000e+00,-3.781047e-01,-3.761583e+02
7.120000e+00,-3.803869e-01,-3.784288e+02
7.125000e+00,-3.826711e-01,-3.807013e+02
7.130000e+00,-3.849573e-01,-3.829758e+02
7.135000e+00,-3.872456e-01,-3.852524e+02
7.140000e+00,-3.895359e-01,-3.875309e+02
7.145000e+00,-3.918281e-01,-3.898115e+02
7.150000e+00,-3.941225e-01,-3.920941e+02
7.155000e+00,-3.964188e-01,-3.943787e+02
7.160000e+00,-3.987172e-01,-3.966653e+02
7.165000e+00,-4.010176e-01,-3.989539e+02
7.170000e+00,-4.033200e-01,-4.012446e+02
7.175000e+00,-4.056245e-01,-4.035373e+02
7.180000e+00,-4.079310e-01,-4.058320e+02
7.185000e+00,-4.102395e-01,-4.081287e+02
7.190000e+00,-4.125501e-01,-4.104275e+02
7.195000e+00,-4.148627e-01,-4.127282e+02
7.200000e+00,-4.171773e-01,-4.150310e+02
7.205000e+00,-4.194940e-01,-4.173359e+02
7.210000e+00,-4.218127e-01,-4.196427e+02
7.215000e+00,-4.241334e-01,-4.219516e+02
7.220000e+00,-4.264562e-01,-4.242626e+02
7.225000e+00,-4.287811e-01,-4.265755e+02
7.230000e+00,-4.311079e-01,-4.288905e+02
7.235000e+00,-4.334369e-01,-4.312076e+02
7.240000e+00,-4.357678e-01,-4.335266e+02
7.245000e+00,-4.381008e-01,-4.358477e+02
7.250000e+00,-4.404359e-01,-4.381709e+02
7.255000e+00,-4.427730e-01,-4.404960e+02
7.260000e+00,-4.451122e-01,-4.428233e+02
7.265000e+00,-4.474534e-01,-4.451525e+02
7.270000e+00,-4.497966e-01,-4.474838e+02
7.275000e+00,-4.521419e-01,-4.498172e+02
7.280000e+00,-4.544893e-01,-4.521526e+02
7.285000e+00,-4.568387e-01,-4.544900e+02
7.290000e+00,-4.591902e-01,-4.568295e+02
7.295000e+00,-4.615437e-01,-4.591710e+02
7.300000e+00,-4.638993e-01,-4.615146e+02
7.305000e+00,-4.662570e-01,-4.638602e+02
7.310000e+00,-4.686167e-01,-4.662079e+02
7.315000e+00,-4.709785e-01,-4.685577e+02
7.320000e+00,-4.733423e-01,-4.709095e+02
7.325000e+00,-4.757082e-01,-4.732633e+02
7.330000e+00,-4.780761e-01,-4.756192e+02
7.335000e+00,-4.804462e-01,-4.779772e+02
7.340000e+00,-4.828183e-01,-4.803372e+02
7.345000e+00,-4.851924e-01,-4.826993e+02
7.350000e+00,-4.875687e-01,-4.850634e+02
7.355000e+00,-4.899470e-01,-4.874296e+02
7.360000e+00,-4.923273e-01,-4.897978e+02
7.365000e+00,-4.947098e-01,-4.921682e+02
7.370000e+00,-4.970943e-01,-4.945406e+02
7.375000e+00,-4.994809e-01,-4.969150e+02
7.380000e+00,-5.018696e-01,-4.992915e+02
7.385000e+00,-5.042603e-01,-5.016701e+02
7.390000e+00,-5.066532e-01,-5.040508e+02
7.395000e+00,-5.090481e-01,-5.064335e+02
7.400000e+00,-5.114451e-01,-5.088183e+02
7.405000e+00,-5.138441e-01,-5.112052e+02
7.410000e+00,-5.162453e-01,-5.135942e+02
7.415000e+00,-5.186485e-01,-5.159852e+02
7.420000e+00,-5.210539e-01,-5.183783e+02
7.425000e+00,-5.234613e-01,-5.207735e+02
7.430000e+00,-5.258708e-01,-5.231707e+02
7.435000e+00,-5.282823e-01,-5.255701e+02
7.440000e+00,-5.306960e-01,-5.279715e+02
7.445000e+00,-5.331118e-01,-5.303750e+02
7.450000e+00,-5.355296e-01,-5.327806e+02
7.455000e+00,-5.379496e-01,-5.351882e+02
7.460000e+00,-5.403716e-01,-5.375980e+02
7.465000e+00,-5.427958e-01,-5.400098e+02
7.470000e+00,-5.452220e-01,-5.424238e+02
7.475000e+00,-5.476504e-01,-5.448398e+02
7.480000e+00,-5.500808e-01,-5.472579e+02
7.485000e+00,-5.525133e-01,-5.496781e+02
7.490000e+00,-5.549480e-01,-5.521004e+02
7.495000e+00,-5.573847e-01,-5.545248e+02
7.500000e+00,-5.598235e-01,-5.569513e+02
7.505000e+00,-5.622645e-01,-5.593799e+02
7.510000e+00,-5.647075e-01,-5.618105e+02
7.515000e+00,-5.671527e-01,-5.642433e+02
7.520000e+00,-5.696000e-01,-5.666782e+02
7.525000e+00,-5.720494e-01,-5.691152e+02
7.530000e+00,-5.745008e-01,-5.715542e+02
7.535000e+00,-5.769544e-01,-5.739954e+02
7.540000e+00,-5.794102e-01,-5.764387e+02
7.545000e+00,-5.818680e-01,-5.788841e+02
7.550000e+00,-5.843279e-01,-5.813316e+02
7.555000e+00,-5.867900e-01,-5.837812e+02
7.560000e+00,-5.892542e-01,-5.862329e+02
7.565000e+00,-5.917205e-01,-5.886867e+02
7.570000e+00,-5.941889e-01,-5.911427e+02
7.575000e+00,-5.966594e-01,-5.936007e+02
7.580000e+00,-5.991321e-01,-5.960609e+02
7.585000e+00,-6.016069e-01,-5.985232e+02
7.590000e+00,-6.040838e-01,-6.009876e+02
7.595000e+00,-6.065628e-01,-6.034541e+02
7.600000e+00,-6.090440e-01,-6.059227e+02
7.605000e+00,-6.115273e-01,-6.083935e+02
7.610000e+00,-6.140127e-01,-6.108663e+02
7.615000e+00,-6.165002e-01,-6.133413e+02
7.620000e+00,-6.189899e-01,-6.158185e+02
7.625000e+00,-6.214817e-01,-6.182977e+02
7.630000e+00,-6.239757e-01,-6.207791e+02
7.635000e+00,-6.264718e-01,-6.232626e+02
7.640000e+00,-6.289700e-01,-6.257482e+02
7.645000e+00,-6.314704e-01,-6.282360e+02
7.650000e+00,-6.339729e-01,-6.307258e+02
7.655000e+00,-6.364775e-01,-6.332179e+02
7.660000e+00,-6.389843e-01,-6.357120e+02
7.665000e+00,-6.414932e-01,-6.382083e+02
7.670000e+00,-6.440043e-01,-6.407067e+02
7.675000e+00,-6.465175e-01,-6.432073e+02
7.680000e+00,-6.490329e-01,-6.457100e+02
7.685000e+00,-6.515504e-01,-6.482148e+02
7.690000e+00,-6.540701e-01,-6.507218e+02
7.695000e+00,-6.565919e-01,-6.532309e+02
7.700000e+00,-6.591158e-01,-6.557422e+02
7.705000e+00,-6.616420e-01,-6.582556e+02
7.710000e+00,-6.641702e-01,-6.607712e+02
7.715000e+00,-6.667007e-01,-6.632889e+02
7.720000e+00,-6.692332e-01,-6.658087e+02
7.725000e+00,-6.717680e-01,-6.683307e+02
7.730000e+00,-6.743049e-01,-6.708549e+02
7.735000e+00,-6.768439e-01,-6.733812e+02
7.740000e+00,-6.793852e-01,-6.759096e+02
7.745000e+00,-6.819286e-01,-6.784402e+02
7.750000e+00,-6.844741e-01,-6.809730e+02
7.755000e+00,-6.870218e-01,-6.835079e+02
7.760000e+00,-6.895717e-01,-6.860450e+02
7.765000e+00,-6.921237e-01,-6.885843e+02
7.770000e+00,-6.946780e-01,-6.911257e+02
7.775000e+00,-6.972343e-01,-6.936692e+02
7.780000e+00,-6.997929e-01,-6.962150e+02
7.785000e+00,-7.023536e-01,-6.987629e+02
7.790000e+00,-7.049165e-01,-7.013129e+02
7.795000e+00,-7.074816e-01,-7.038651e+02
7.800000e+00,-7.100489e-01,-7.064195e+02
7.805000e+00,-7.126183e-01,-7.089761e+02
7.810000e+00,-7.151899e-01,-7.115348e+02
7.815000e+00,-7.177637e-01,-7.140958e+02
7.820000e+00,-7.203397e-01,-7.166588e+02
7.825000e+00,-7.229179e-01,-7.192241e+02
7.830000e+00,-7.254982e-01,-7.217915e+02
7.835000e+00,-7.280807e-01,-7.243611e+02
7.840000e+00,-7.306655e-01,-7.269329e+02
7.845000e+00,-7.332524e-01,-7.295069e+02
7.850000e+00,-7.358415e-01,-7.320830e+02
7.855000e+00,-7.384327e-01,-7.346614e+02
7.860000e+00,-7.410262e-01,-7.372419e+02
7.865000e+00,-7.436219e-01,-7.398246e+02
7.870000e+00,-7.462197e-01,-7.424095e+02
7.875000e+00,-7.488198e-01,-7.449966e+02
7.880000e+00,-7.514221e-01,-7.475858e+02
7.885000e+00,-7.540265e-01,-7.501773e+02
7.890000e+00,-7.566332e-01,-7.527709e+02
7.895000e+00,-7.592420e-01,-7.553668e+02
7.900000e+00,-7.618531e-01,-7.579648e+02
7.905000e+00,-7.644663e-01,-7.605651e+02
7.910000e+00,-7.670818e-01,-7.631675e+02
7.915000e+00,-7.696995e-01,-7.657721e+02
7.920000e+00,-7.723194e-01,-7.683789e+02
7.925000e+00,-7.749414e-01,-7.709880e+02
7.930000e+00,-7.775657e-01,-7.735992e+02
7.935000e+00,-7.801923e-01,-7.762126e+02
7.940000e+00,-7.828210e-01,-7.788283e+02
7.945000e+00,-7.854519e-01,-7.814461e+02
7.950000e+00,-7.880851e-01,-7.840662e+02
7.955000e+00,-7.907204e-01,-7.866884e+02
7.960000e+00,-7.933580e-01,-7.893129e+02
7.965000e+00,-7.959978e-01,-7.919396e+02
7.970000e+00,-7.986399e-01,-7.945685e+02
7.975000e+00,-8.012841e-01,-7.971996e+02
7.980000e+00,-8.039306e-01,-7.998329e+02
7.985000e+00,-8.065793e-01,-8.024685e+02
7.990000e+00,-8.092302e-01,-8.051062e+02
7.995000e+00,-8.118833e-01,-8.077462e+02
8.000000e+00,-8.145387e-01,-8.103884e+02
8.005000e+00,-8.171963e-01,-8.130328e+02
8.010000e+00,-8.198562e-01,-8.156795e+02
8.015000e+00,-8.225182e-01,-8.183283e+02
8.020000e+00,-8.251825e-01,-8.209794e+02
8.025000e+00,-8.278491e-01,-8.236328e+02
8.030000e+00,-8.305178e-01,-8.262883e+02
8.035000e+00,-8.331889e-01,-8.289461e+02
8.040000e+00,-8.358621e-01,-8.316061e+02
8.045000e+00,-8.385376e-01,-8.342684e+02
8.050000e+00,-8.412153e-01,-8.369329e+02
8.055000e+00,-8.438953e-01,-8.395996e+02
8.060000e+00,-8.465776e-01,-8.422685e+02
8.065000e+00,-8.492620e-01,-8.449397e+02
8.070000e+00,-8.519487e-01,-8.476132e+02
8.075000e+00,-8.546377e-01,-8.502889e+02
8.080000e+00,-8.573289e-01,-8.529668e+02
8.085000e+00,-8.600224e-01,-8.556469e+02
8.090000e+00,-8.627181e-01,-8.583294e+02
8.095000e+00,-8.654161e-01,-8.610140e+02
8.100000e+00,-8.681163e-01,-8.637009e+02
8.105000e+00,-8.708188e-01,-8.663901e+02
8.110000e+00,-8.735236e-01,-8.690815e+02
8.115000e+00,-8.762306e-01,-8.717751e+02
8.120000e+00,-8.789398e-01,-8.744711e+02
8.125000e+00,-8.816514e-01,-8.771692e+02
8.130000e+00,-8.843652e-01,-8.798696e+02
8.135000e+00,-8.870812e-01,-8.825723e+02
8.140000e+00,-8.897995e-01,-8.852773e+02
8.145000e+00,-8.925201e-01,-8.879845e+02
8.150000e+00,-8.952430e-01,-8.906939e+02
8.155000e+00,-8.979681e-01,-8.934057e+02
8.160000e+00,-9.006955e-01,-8.961197e+02
8.165000e+00,-9.034252e-01,-8.988359e+02
8.170000e+00,-9.061572e-01,-9.015545e+02
8.175000e+00,-9.088914e-01,-9.042753e+02
8.180000e+00,-9.116279e-01,-9.069983e+02
8.185000e+00,-9.143667e-01,-9.097237e+02
8.190000e+00,-9.171078e-01,-9.124513e+02
8.195000e+00,-9.198511e-01,-9.151812e+02
8.200000e+00,-9.225967e-01,-9.179133e+02
8.205000e+00,-9.253447e-01,-9.206478e+02
8.210000e+00,-9.280949e-01,-9.233845e+02
8.215000e+00,-9.308474e-01,-9.261235e+02
8.220000e+00,-9.336021e-01,-9.288648e+02
8.225000e+00,-9.363592e-01,-9.316084e+02
8.230000e+00,-9.391186e-01,-9.343542e+02
8.235000e+00,-9.418802e-01,-9.371024e+02
8.240000e+00,-9.446442e-01,-9.398528e+02
8.245000e+00,-9.474104e-01,-9.426055e+02
8.250000e+00,-9.501790e-01,-9.453605e+02
8.255000e+00,-9.529498e-01,-9.481178e+02
8.260000e+00,-9.557230e-01,-9.508774e+02
8.265000e+00,-9.584984e-01,-9.536393e+02
8.270000e+00,-9.612762e-01,-9.564035e+02
8.275000e+00,-9.640562e-01,-9.591700e+02
8.280000e+00,-9.668386e-01,-9.619388e+02
8.285000e+00,-9.696233e-01,-9.647098e+02
8.290000e+00,-9.724102e-01,-9.674832e+02
8.295000e+00,-9.751995e-01,-9.702589e+02
8.300000e+00,-9.779911e-01,-9.730369e+02
8.305000e+00,-9.807850e-01,-9.758172e+02
8.310000e+00,-9.835813e-01,-9.785998e+02
8.315000e+00,-9.863798e-01,-9.813848e+02
8.320000e+00,-9.891807e-01,-9.841720e+02
8.325000e+00,-9.919839e-01,-9.869615e+02
8.330000e+00,-9.947894e-01,-9.897534e+02
8.335000e+00,-9.975972e-01,-9.925476e+02
8.340000e+00,-1.000407e+00,-9.953441e+02
8.345000e+00,-1.003220e+00,-9.981429e+02
8.350000e+00,-1.006035e+00,-1.000944e+03
8.355000e+00,-1.008852e+00,-1.003747e+03
8.360000e+00,-1.011671e+00,-1.006553e+03
8.365000e+00,-1.014493e+00,-1.009361e+03
8.370000e+00,-1.017317e+00,-1.012172e+03
8.375000e+00,-1.020144e+00,-1.014985e+03
8.380000e+00,-1.022972e+00,-1.017800e+03
8.385000e+00,-1.025803e+00,-1.020617e+03
8.390000e+00,-1.028637e+00,-1.023437e+03
8.395000e+00,-1.031473e+00,-1.026259e+03
8.400000e+00,-1.034311e+00,-1.029083e+03
8.405000e+00,-1.037151e+00,-1.031910e+03
8.410000e+00,-1.039994e+00,-1.034739e+03
8.415000e+00,-1.042839e+00,-1.037571e+03
8.420000e+00,-1.045687e+00,-1.040404e+03
8.425000e+00,-1.048537e+00,-1.043240e+03
8.430000e+00,-1.051389e+00,-1.046079e+03
8.435000e+00,-1.054244e+00,-1.048920e+03
8.440000e+00,-1.057101e+00,-1.051763e+03
8.445000e+00,-1.059960e+00,-1.054608e+03
8.450000e+00,-1.062822e+00,-1.057456e+03
8.455000e+00,-1.065686e+00,-1.060306e+03
8.460000e+00,-1.068552e+00,-1.063159e+03
8.465000e+00,-1.071421e+00,-1.066014e+03
8.470000e+00,-1.074292e+00,-1.068871e+03
8.475000e+00,-1.077165e+00,-1.071731e+03
8.480000e+00,-1.080041e+00,-1.074593e+03
8.485000e+00,-1.082919e+00,-1.077457e+03
8.490000e+00,-1.085800e+00,-1.080324e+03
8.495000e+00,-1.088683e+00,-1.083193e+03
8.500000e+00,-1.091568e+00,-1.086064e+03
8.505000e+00,-1.094456e+00,-1.088938e+03
8.510000e+00,-1.097346e+00,-1.091814e+03
8.515000e+00,-1.100238e+00,-1.094693e+03
8.520000e+00,-1.103133e+00,-1.097574e+03
8.525000e+00,-1.106030e+00,-1.100457e+03
8.530000e+00,-1.108930e+00,-1.103343e+03
8.535000e+00,-1.111831e+00,-1.106231e+03
8.540000e+00,-1.114736e+00,-1.109121e+03
8.545000e+00,-1.117642e+00,-1.112014e+03
8.550000e+00,-1.120552e+00,-1.114909e+03
8.555000e+00,-1.123463e+00,-1.117807e+03
8.560000e+00,-1.126377e+00,-1.120707e+03
8.565000e+00,-1.129293e+00,-1.123609e+03
8.570000e+00,-1.132212e+00,-1.126514e+03
8.575000e+00,-1.135133e+00,-1.129421e+03
8.580000e+00,-1.138056e+00,-1.132330e+03
8.585000e+00,-1.140982e+00,-1.135242e+03
8.590000e+00,-1.143910e+00,-1.138156e+03
8.595000e+00,-1.146841e+00,-1.141073e+03
8.600000e+00,-1.149774e+00,-1.143992e+03
8.605000e+00,-1.152710e+00,-1.146914e+03
8.610000e+00,-1.155647e+00,-1.149838e+03
8.615000e+00,-1.158588e+00,-1.152764e+03
8.620000e+00,-1.161530e+00,-1.155692e+03
8.625000e+00,-1.164475e+00,-1.158624e+03
8.630000e+00,-1.167423e+00,-1.161557e+03
8.635000e+00,-1.170373e+00,-1.164493e+03
8.640000e+00,-1.173325e+00,-1.167431e+03
8.645000e+00,-1.176280e+00,-1.170372e+03
8.650000e+00,-1.179237e+00,-1.173315e+03
8.655000e+00,-1.182197e+00,-1.176261e+03
8.660000e+00,-1.185159e+00,-1.179209e+03
8.665000e+00,-1.188123e+00,-1.182159e+03
8.670000e+00,-1.191090e+00,-1.185112e+03
8.675000e+00,-1.194059e+00,-1.188067e+03
8.680000e+00,-1.197031e+00,-1.191025e+03
8.685000e+00,-1.200005e+00,-1.193985e+03
8.690000e+00,-1.202982e+00,-1.196947e+03
8.695000e+00,-1.205961e+00,-1.199912e+03
8.700000e+00,-1.208942e+00,-1.202880e+03
8.705000e+00,-1.211926e+00,-1.205849e+03
8.710000e+00,-1.214912e+00,-1.208822e+03
8.715000e+00,-1.217901e+00,-1.211796e+03
8.720000e+00,-1.220892e+00,-1.214773e+03
8.725000e+00,-1.223886e+00,-1.217753e+03
8.730000e+00,-1.226882e+00,-1.220735e+03
8.735000e+00,-1.229880e+00,-1.223719e+03
8.740000e+00,-1.232881e+00,-1.226706e+03
8.745000e+00,-1.235885e+00,-1.229695e+03
8.750000e+00,-1.238891e+00,-1.232687e+03
8.755000e+00,-1.241899e+00,-1.235681e+03
8.760000e+00,-1.244910e+00,-1.238678e+03
8.765000e+00,-1.247923e+00,-1.241677e+03
8.770000e+00,-1.250939e+00,-1.244679e+03
8.775000e+00,-1.253957e+00,-1.247683e+03
8.780000e+00,-1.256977e+00,-1.250689e+03
8.785000e+00,-1.260000e+00,-1.253698e+03
8.790000e+00,-1.263026e+00,-1.256709e+03
8.795000e+00,-1.266054e+00,-1.259723e+03
8.800000e+00,-1.269084e+00,-1.262740e+03
8.805000e+00,-1.272117e+00,-1.265758e+03
8.810000e+00,-1.275153e+00,-1.268780e+03
8.815000e+00,-1.278191e+00,-1.271803e+03
8.820000e+00,-1.281231e+00,-1.274829e+03
8.825000e+00,-1.284274e+00,-1.277858e+03
8.830000e+00,-1.287319e+00,-1.280889e+03
8.835000e+00,-1.290367e+00,-1.283923e+03
8.840000e+00,-1.293417e+00,-1.286959e+03
8.845000e+00,-1.296470e+00,-1.289997e+03
8.850000e+00,-1.299525e+00,-1.293038e+03
8.855000e+00,-1.302583e+00,-1.296082e+03
8.860000e+00,-1.305643e+00,-1.299128e+03
8.865000e+00,-1.308706e+00,-1.302176e+03
8.870000e+00,-1.311771e+00,-1.305227e+03
8.875000e+00,-1.314839e+00,-1.308281e+03
8.880000e+00,-1.317909e+00,-1.311337e+03
8.885000e+00,-1.320982e+00,-1.314395e+03
8.890000e+00,-1.324057e+00,-1.317456e+03
8.895000e+00,-1.327134e+00,-1.320520e+03
8.900000e+00,-1.330215e+00,-1.323585e+03
8.905000e+00,-1.333297e+00,-1.326654e+03
8.910000e+00,-1.336382e+00,-1.329725e+03
8.915000e+00,-1.339470e+00,-1.332798e+03
8.920000e+00,-1.342560e+00,-1.335874e+03
8.925000e+00,-1.345653e+00,-1.338953e+03
8.930000e+00,-1.348748e+00,-1.342033e+03
8.935000e+00,-1.351846e+00,-1.345117e+03
8.940000e+00,-1.354946e+00,-1.348203e+03
8.945000e+00,-1.358049e+00,-1.351291e+03
8.950000e+00,-1.361154e+00,-1.354382e+03
8.955000e+00,-1.364262e+00,-1.357476e+03
8.960000e+00,-1.367372e+00,-1.360572e+03
8.965000e+00,-1.370485e+00,-1.363670e+03
8.970000e+00,-1.373601e+00,-1.366771e+03
8.975000e+00,-1.376718e+00,-1.369875e+03
8.980000e+00,-1.379839e+00,-1.372981e+03
8.985000e+00,-1.382962e+00,-1.376090e+03
8.990000e+00,-1.386087e+00,-1.379201e+03
8.995000e+00,-1.389215e+00,-1.382315e+03
9.000000e+00,-1.392346e+00,-1.385431e+03
9.005000e+00,-1.395479e+00,-1.388550e+03
9.010000e+00,-1.398615e+00,-1.391671e+03
9.015000e+00,-1.401753e+00,-1.394795e+03
9.020000e+00,-1.404894e+00,-1.397921e+03
9.025000e+00,-1.408037e+00,-1.401050e+03
9.030000e+00,-1.411183e+00,-1.404182e+03
9.035000e+00,-1.414331e+00,-1.407316e+03
9.040000e+00,-1.417482e+00,-1.410452e+03
9.045000e+00,-1.420635e+00,-1.413591e+03
9.050000e+00,-1.423791e+00,-1.416733e+03
9.055000e+00,-1.426950e+00,-1.419877e+03
9.060000e+00,-1.430111e+00,-1.423024e+03
9.065000e+00,-1.433275e+00,-1.426173e+03
9.070000e+00,-1.436441e+00,-1.429325e+03
9.075000e+00,-1.439610e+00,-1.432480e+03
9.080000e+00,-1.442781e+00,-1.435637e+03
9.085000e+00,-1.445955e+00,-1.438796e+03
9.090000e+00,-1.449132e+00,-1.441958e+03
9.095000e+00,-1.452311e+00,-1.445123e+03
9.100000e+00,-1.455492e+00,-1.448290e+03
9.105000e+00,-1.458677e+00,-1.451460e+03
9.110000e+00,-1.461863e+00,-1.454632e+03
9.115000e+00,-1.465053e+00,-1.457807e+03
9.120000e+00,-1.468245e+00,-1.460985e+03
9.125000e+00,-1.471439e+00,-1.464165e+03
9.130000e+00,-1.474636e+00,-1.467348e+03
9.135000e+00,-1.477836e+00,-1.470533e+03
9.140000e+00,-1.481038e+00,-1.473721e+03
9.145000e+00,-1.484243e+00,-1.476912e+03
9.150000e+00,-1.487451e+00,-1.480105e+03
9.155000e+00,-1.490661e+00,-1.483300e+03
9.160000e+00,-1.493874e+00,-1.486499e+03
9.165000e+00,-1.497089e+00,-1.489699e+03
9.170000e+00,-1.500307e+00,-1.492903e+03
9.175000e+00,-1.503527e+00,-1.496109e+03
9.180000e+00,-1.506750e+00,-1.499317e+03
9.185000e+00,-1.509976e+00,-1.502529e+03
9.190000e+00,-1.513204e+00,-1.505743e+03
9.195000e+00,-1.516435e+00,-1.508959e+03
9.200000e+00,-1.519668e+00,-1.512178e+03
9.205000e+00,-1.522904e+00,-1.515400e+03
9.210000e+00,-1.526143e+00,-1.518624e+03
9.215000e+00,-1.529384e+00,-1.521851e+03
9.220000e+00,-1.532628e+00,-1.525080e+03
9.225000e+00,-1.535875e+00,-1.528312e+03
9.230000e+00,-1.539124e+00,-1.531547e+03
9.235000e+00,-1.542376e+00,-1.534784e+03
9.240000e+00,-1.545630e+00,-1.538024e+03
9.245000e+00,-1.548887e+00,-1.541267e+03
9.250000e+00,-1.552147e+00,-1.544512e+03
9.255000e+00,-1.555409e+00,-1.547760e+03
9.260000e+00,-1.558674e+00,-1.551011e+03
9.265000e+00,-1.561942e+00,-1.554264e+03
9.270000e+00,-1.565212e+00,-1.557519e+03
9.275000e+00,-1.568485e+00,-1.560778e+03
9.280000e+00,-1.571760e+00,-1.564039e+03
9.285000e+00,-1.575038e+00,-1.567302e+03
9.290000e+00,-1.578319e+00,-1.570569e+03
9.295000e+00,-1.581603e+00,-1.573838e+03
9.300000e+00,-1.584889e+00,-1.577109e+03
9.305000e+00,-1.588177e+00,-1.580383e+03
9.310000e+00,-1.591469e+00,-1.583660e+03
9.315000e+00,-1.594763e+00,-1.586940e+03
9.320000e+00,-1.598059e+00,-1.590222e+03
9.325000e+00,-1.601359e+00,-1.593507e+03
9.330000e+00,-1.604661e+00,-1.596794e+03
9.335000e+00,-1.607965e+00,-1.600084e+03
9.340000e+00,-1.611273e+00,-1.603377e+03
9.345000e+00,-1.614582e+00,-1.606673e+03
9.350000e+00,-1.617895e+00,-1.609971e+03
9.355000e+00,-1.621210e+00,-1.613272e+03
9.360000e+00,-1.624528e+00,-1.616575e+03
9.365000e+00,-1.627849e+00,-1.619881e+03
9.370000e+00,-1.631172e+00,-1.623190e+03
9.375000e+00,-1.634498e+00,-1.626502e+03
9.380000e+00,-1.637827e+00,-1.629816e+03
9.385000e+00,-1.641158e+00,-1.633133e+03
9.390000e+00,-1.644492e+00,-1.636452e+03
9.395000e+00,-1.647829e+00,-1.639774e+03
9.400000e+00,-1.651168e+00,-1.643099e+03
9.405000e+00,-1.654510e+00,-1.646427e+03
9.410000e+00,-1.657855e+00,-1.649757e+03
9.415000e+00,-1.661203e+00,-1.653090e+03
9.420000e+00,-1.664553e+00,-1.656426e+03
9.425000e+00,-1.667906e+00,-1.659764e+03
9.430000e+00,-1.671261e+00,-1.663105e+03
9.435000e+00,-1.674619e+00,-1.666449e+03
9.440000e+00,-1.677980e+00,-1.669795e+03
9.445000e+00,-1.681344e+00,-1.673145e+03
9.450000e+00,-1.684710e+00,-1.676497e+03
9.455000e+00,-1.688079e+00,-1.679851e+03
9.460000e+00,-1.691451e+00,-1.683208e+03
9.465000e+00,-1.694826e+00,-1.686568e+03
9.470000e+00,-1.698203e+00,-1.689931e+03
9.475000e+00,-1.701583e+00,-1.693297e+03
9.480000e+00,-1.704965e+00,-1.696665e+03
9.485000e+00,-1.708351e+00,-1.700036e+03
9.490000e+00,-1.711739e+00,-1.703409e+03
9.495000e+00,-1.715130e+00,-1.706785e+03
9.500000e+00,-1.718523e+00,-1.710164e+03
9.505000e+00,-1.721919e+00,-1.713546e+03
9.510000e+00,-1.725318e+00,-1.716931e+03
9.515000e+00,-1.728720e+00,-1.720318e+03
9.520000e+00,-1.732125e+00,-1.723708e+03
9.525000e+00,-1.735532e+00,-1.727101e+03
9.530000e+00,-1.738942e+00,-1.730496e+03
9.535000e+00,-1.742354e+00,-1.733894e+03
9.540000e+00,-1.745770e+00,-1.737295e+03
9.545000e+00,-1.749188e+00,-1.740699e+03
9.550000e+00,-1.752609e+00,-1.744105e+03
9.555000e+00,-1.756032e+00,-1.747514e+03
9.560000e+00,-1.759459e+00,-1.750926e+03
9.565000e+00,-1.762888e+00,-1.754341e+03
9.570000e+00,-1.766320e+00,-1.757758e+03
9.575000e+00,-1.769755e+00,-1.761179e+03
9.580000e+00,-1.773192e+00,-1.764602e+03
9.585000e+00,-1.776632e+00,-1.768027e+03
9.590000e+00,-1.780075e+00,-1.771456e+03
9.595000e+00,-1.783521e+00,-1.774887e+03
9.600000e+00,-1.786969e+00,-1.778321e+03
9.605000e+00,-1.790421e+00,-1.781758e+03
9.610000e+00,-1.793875e+00,-1.785197e+03
9.615000e+00,-1.797331e+00,-1.788640e+03
9.620000e+00,-1.800791e+00,-1.792085e+03
9.625000e+00,-1.804253e+00,-1.795533e+03
9.630000e+00,-1.807718e+00,-1.798983e+03
9.635000e+00,-1.811186e+00,-1.802437e+03
9.640000e+00,-1.814657e+00,-1.805893e+03
9.645000e+00,-1.818130e+00,-1.809352e+03
9.650000e+00,-1.821607e+00,-1.812814e+03
9.655000e+00,-1.825086e+00,-1.816278e+03
9.660000e+00,-1.828568e+00,-1.819746e+03
9.665000e+00,-1.832052e+00,-1.823216e+03
9.670000e+00,-1.835540e+00,-1.826689e+03
9.675000e+00,-1.839030e+00,-1.830165e+03
9.680000e+00,-1.842523e+00,-1.833643e+03
9.685000e+00,-1.846019e+00,-1.837125e+03
9.690000e+00,-1.849517e+00,-1.840609e+03
9.695000e+00,-1.853019e+00,-1.844096e+03
9.700000e+00,-1.856523e+00,-1.847586e+03
9.705000e+00,-1.860030e+00,-1.851079e+03
9.710000e+00,-1.863540e+00,-1.854574e+03
9.715000e+00,-1.867053e+00,-1.858072e+03
9.720000e+00,-1.870568e+00,-1.861573e+03
9.725000e+00,-1.874087e+00,-1.865077e+03
9.730000e+00,-1.877608e+00,-1.868584e+03
9.735000e+00,-1.881132e+00,-1.872094e+03
9.740000e+00,-1.884659e+00,-1.875606e+03
9.745000e+00,-1.888188e+00,-1.879121e+03
9.750000e+00,-1.891721e+00,-1.882639e+03
9.755000e+00,-1.895256e+00,-1.886160e+03
9.760000e+00,-1.898794e+00,-1.889684e+03
9.765000e+00,-1.902335e+00,-1.893211e+03
9.770000e+00,-1.905879e+00,-1.896740e+03
9.775000e+00,-1.909426e+00,-1.900272e+03
9.780000e+00,-1.912976e+00,-1.903808e+03
9.785000e+00,-1.916528e+00,-1.907346e+03
9.790000e+00,-1.920083e+00,-1.910886e+03
9.795000e+00,-1.923641e+00,-1.914430e+03
9.800000e+00,-1.927202e+00,-1.917977e+03
9.805000e+00,-1.930766e+00,-1.921526e+03
9.810000e+00,-1.934333e+00,-1.925078e+03
9.815000e+00,-1.937902e+00,-1.928634e+03
9.820000e+00,-1.941475e+00,-1.932192e+03
9.825000e+00,-1.945050e+00,-1.935752e+03
9.830000e+00,-1.948628e+00,-1.939316e+03
9.835000e+00,-1.952209e+00,-1.942883e+03
9.840000e+00,-1.955793e+00,-1.946452e+03
9.845000e+00,-1.959379e+00,-1.950025e+03
9.850000e+00,-1.962969e+00,-1.953600e+03
9.855000e+00,-1.966562e+00,-1.957178e+03
9.860000e+00,-1.970157e+00,-1.960759e+03
9.865000e+00,-1.973755e+00,-1.964343e+03
9.870000e+00,-1.977356e+00,-1.967930e+03
9.875000e+00,-1.980960e+00,-1.971520e+03
9.880000e+00,-1.984567e+00,-1.975112e+03
9.885000e+00,-1.988177e+00,-1.978708e+03
9.890000e+00,-1.991790e+00,-1.982306e+03
9.895000e+00,-1.995405e+00,-1.985907e+03
9.900000e+00,-1.999024e+00,-1.989512e+03
9.905000e+00,-2.002645e+00,-1.993119e+03
9.910000e+00,-2.006270e+00,-1.996729e+03
9.915000e+00,-2.009897e+00,-2.000342e+03
9.920000e+00,-2.013527e+00,-2.003957e+03
9.925000e+00,-2.017160e+00,-2.007576e+03
9.930000e+00,-2.020796e+00,-2.011198e+03
9.935000e+00,-2.024435e+00,-2.014822e+03
9.940000e+00,-2.028077e+00,-2.018450e+03
9.945000e+00,-2.031721e+00,-2.022080e+03
9.950000e+00,-2.035369e+00,-2.025714e+03
9.955000e+00,-2.039019e+00,-2.029350e+03
9.960000e+00,-2.042673e+00,-2.032989e+03
9.965000e+00,-2.046329e+00,-2.036632e+03
9.970000e+00,-2.049989e+00,-2.040277e+03
9.975000e+00,-2.053651e+00,-2.043925e+03
9.980000e+00,-2.057316e+00,-2.047576e+03
9.985000e+00,-2.060984e+00,-2.051230e+03
9.990000e+00,-2.064655e+00,-2.054886e+03
9.995000e+00,-2.068329e+00,-2.058546e+03
