# wl, TX, emissivity
0.40,0.00,0.03
0.41,0.00,0.03
0.41,0.00,0.03
0.42,0.00,0.03
0.42,0.00,0.03
0.43,0.00,0.03
0.43,0.00,0.03
0.44,0.00,0.03
0.44,0.00,0.03
0.45,0.00,0.03
0.45,0.00,0.03
0.46,0.00,0.03
0.46,0.00,0.03
0.47,0.00,0.03
0.47,0.00,0.03
0.48,0.00,0.03
0.48,0.00,0.03
0.49,0.00,0.03
0.49,0.00,0.03
0.50,0.00,0.03
0.50,0.00,0.03
0.51,0.00,0.03
0.51,0.00,0.03
0.52,0.00,0.03
0.52,0.00,0.03
0.53,0.00,0.03
0.53,0.00,0.03
0.54,0.00,0.03
0.54,0.00,0.03
0.55,0.00,0.03
0.55,0.00,0.03
0.56,0.00,0.03
0.56,0.13,0.03
0.57,0.45,0.03
0.57,0.77,0.03
0.58,0.90,0.03
0.58,0.90,0.03
0.59,0.90,0.03
0.59,0.90,0.03
0.60,0.90,0.03
0.60,0.90,0.03
0.61,0.90,0.03
0.61,0.90,0.03
0.62,0.90,0.03
0.62,0.90,0.03
0.63,0.90,0.03
0.63,0.90,0.03
0.64,0.90,0.03
0.64,0.90,0.03
0.65,0.90,0.03
0.65,0.90,0.03
0.66,0.90,0.03
0.66,0.90,0.03
0.67,0.90,0.03
0.67,0.90,0.03
0.68,0.90,0.03
0.68,0.90,0.03
0.69,0.90,0.03
0.69,0.90,0.03
0.70,0.90,0.03
0.70,0.90,0.03
0.71,0.90,0.03
0.71,0.90,0.03
0.72,0.90,0.03
0.72,0.90,0.03
0.73,0.90,0.03
0.73,0.90,0.03
0.74,0.90,0.03
0.74,0.90,0.03
0.75,0.90,0.03
0.75,0.90,0.03
0.76,0.90,0.03
0.76,0.90,0.03
0.77,0.90,0.03
0.77,0.90,0.03
0.78,0.90,0.03
0.78,0.90,0.03
0.79,0.90,0.03
0.79,0.90,0.03
0.80,0.90,0.03
0.80,0.90,0.03
0.81,0.90,0.03
0.81,0.90,0.03
0.82,0.90,0.03
0.82,0.90,0.03
0.83,0.90,0.03
0.83,0.90,0.03
0.84,0.90,0.03
0.84,0.90,0.03
0.85,0.90,0.03
0.85,0.90,0.03
0.86,0.90,0.03
0.86,0.90,0.03
0.87,0.90,0.03
0.87,0.90,0.03
0.88,0.90,0.03
0.88,0.90,0.03
0.89,0.90,0.03
0.89,0.90,0.03
0.90,0.90,0.03
0.90,0.90,0.03
0.91,0.90,0.03
0.91,0.90,0.03
0.92,0.90,0.03
0.92,0.90,0.03
0.93,0.90,0.03
0.93,0.90,0.03
0.94,0.90,0.03
0.94,0.90,0.03
0.95,0.90,0.03
0.95,0.90,0.03
0.96,0.90,0.03
0.96,0.90,0.03
0.97,0.90,0.03
0.97,0.90,0.03
0.98,0.90,0.03
0.98,0.90,0.03
0.99,0.90,0.03
0.99,0.90,0.03
1.00,0.90,0.03
1.00,0.90,0.03
1.01,0.90,0.03
1.01,0.90,0.03
1.02,0.90,0.03
1.02,0.90,0.03
1.03,0.90,0.03
1.03,0.90,0.03
1.04,0.90,0.03
1.04,0.90,0.03
1.05,0.90,0.03
1.05,0.90,0.03
1.06,0.90,0.03
1.06,0.90,0.03
1.07,0.90,0.03
1.07,0.90,0.03
1.08,0.90,0.03
1.08,0.90,0.03
1.09,0.90,0.03
1.09,0.90,0.03
1.10,0.90,0.03
1.10,0.90,0.03
1.11,0.90,0.03
1.11,0.90,0.03
1.12,0.90,0.03
1.12,0.90,0.03
1.13,0.90,0.03
1.13,0.90,0.03
1.14,0.90,0.03
1.14,0.90,0.03
1.15,0.90,0.03
1.15,0.90,0.03
1.16,0.90,0.03
1.16,0.90,0.03
1.17,0.90,0.03
1.17,0.90,0.03
1.18,0.90,0.03
1.18,0.90,0.03
1.19,0.90,0.03
1.19,0.90,0.03
1.20,0.90,0.03
1.20,0.90,0.03
1.21,0.90,0.03
1.21,0.90,0.03
1.22,0.90,0.03
1.22,0.90,0.03
1.23,0.90,0.03
1.23,0.90,0.03
1.24,0.90,0.03
1.24,0.90,0.03
1.25,0.90,0.03
1.25,0.90,0.03
1.26,0.90,0.03
1.26,0.90,0.03
1.27,0.90,0.03
1.27,0.90,0.03
1.28,0.90,0.03
1.28,0.90,0.03
1.29,0.90,0.03
1.29,0.90,0.03
1.30,0.90,0.03
1.30,0.90,0.03
1.31,0.90,0.03
1.31,0.90,0.03
1.32,0.90,0.03
1.32,0.90,0.03
1.33,0.90,0.03
1.33,0.90,0.03
1.34,0.90,0.03
1.34,0.90,0.03
1.35,0.90,0.03
1.35,0.90,0.03
1.36,0.90,0.03
1.36,0.90,0.03
1.37,0.90,0.03
1.37,0.90,0.03
1.38,0.90,0.03
1.38,0.90,0.03
1.39,0.90,0.03
1.39,0.90,0.03
1.40,0.90,0.03
1.40,0.90,0.03
1.41,0.90,0.03
1.41,0.90,0.03
1.42,0.90,0.03
1.42,0.90,0.03
1.43,0.90,0.03
1.43,0.90,0.03
1.44,0.90,0.03
1.44,0.90,0.03
1.45,0.90,0.03
1.45,0.90,0.03
1.46,0.90,0.03
1.46,0.90,0.03
1.47,0.90,0.03
1.47,0.90,0.03
1.48,0.90,0.03
1.48,0.90,0.03
1.49,0.90,0.03
1.49,0.90,0.03
1.50,0.90,0.03
1.50,0.90,0.03
1.51,0.90,0.03
1.51,0.90,0.03
1.52,0.90,0.03
1.52,0.90,0.03
1.53,0.90,0.03
1.53,0.90,0.03
1.54,0.90,0.03
1.54,0.90,0.03
1.55,0.90,0.03
1.55,0.90,0.03
1.56,0.90,0.03
1.56,0.90,0.03
1.57,0.90,0.03
1.57,0.90,0.03
1.58,0.90,0.03
1.58,0.90,0.03
1.59,0.90,0.03
1.59,0.90,0.03
1.60,0.90,0.03
1.60,0.90,0.03
1.61,0.90,0.03
1.61,0.90,0.03
1.62,0.90,0.03
1.62,0.90,0.03
1.63,0.90,0.03
1.63,0.90,0.03
1.64,0.90,0.03
1.64,0.90,0.03
1.65,0.90,0.03
1.65,0.90,0.03
1.66,0.90,0.03
1.66,0.90,0.03
1.67,0.90,0.03
1.67,0.90,0.03
1.68,0.90,0.03
1.68,0.90,0.03
1.69,0.90,0.03
1.69,0.90,0.03
1.70,0.90,0.03
1.70,0.90,0.03
1.71,0.90,0.03
1.71,0.90,0.03
1.72,0.90,0.03
1.72,0.90,0.03
1.73,0.90,0.03
1.73,0.90,0.03
1.74,0.90,0.03
1.74,0.90,0.03
1.75,0.90,0.03
1.75,0.90,0.03
1.76,0.90,0.03
1.76,0.90,0.03
1.77,0.90,0.03
1.77,0.90,0.03
1.78,0.90,0.03
1.78,0.90,0.03
1.79,0.90,0.03
1.79,0.90,0.03
1.80,0.90,0.03
1.80,0.90,0.03
1.81,0.90,0.03
1.81,0.90,0.03
1.82,0.90,0.03
1.82,0.90,0.03
1.83,0.90,0.03
1.83,0.90,0.03
1.84,0.90,0.03
1.84,0.90,0.03
1.85,0.90,0.03
1.85,0.90,0.03
1.86,0.90,0.03
1.86,0.90,0.03
1.87,0.90,0.03
1.87,0.90,0.03
1.88,0.90,0.03
1.88,0.90,0.03
1.89,0.90,0.03
1.89,0.90,0.03
1.90,0.90,0.03
1.90,0.90,0.03
1.91,0.90,0.03
1.91,0.90,0.03
1.92,0.90,0.03
1.92,0.90,0.03
1.93,0.90,0.03
1.93,0.90,0.03
1.94,0.90,0.03
1.94,0.90,0.03
1.95,0.90,0.03
1.95,0.90,0.03
1.96,0.90,0.03
1.96,0.90,0.03
1.97,0.90,0.03
1.97,0.90,0.03
1.98,0.90,0.03
1.98,0.90,0.03
1.99,0.90,0.03
1.99,0.90,0.03
2.00,0.90,0.03
2.00,0.90,0.03
2.01,0.90,0.03
2.01,0.90,0.03
2.02,0.90,0.03
2.02,0.90,0.03
2.03,0.90,0.03
2.03,0.90,0.03
2.04,0.90,0.03
2.04,0.90,0.03
2.05,0.90,0.03
2.05,0.90,0.03
2.06,0.90,0.03
2.06,0.90,0.03
2.07,0.90,0.03
2.07,0.90,0.03
2.08,0.90,0.03
2.08,0.90,0.03
2.09,0.90,0.03
2.09,0.90,0.03
2.10,0.90,0.03
2.10,0.90,0.03
2.11,0.90,0.03
2.11,0.90,0.03
2.12,0.90,0.03
2.12,0.90,0.03
2.13,0.90,0.03
2.13,0.90,0.03
2.14,0.90,0.03
2.14,0.90,0.03
2.15,0.90,0.03
2.15,0.90,0.03
2.16,0.90,0.03
2.16,0.90,0.03
2.17,0.90,0.03
2.17,0.90,0.03
2.18,0.90,0.03
2.18,0.90,0.03
2.19,0.90,0.03
2.19,0.90,0.03
2.20,0.90,0.03
2.20,0.90,0.03
2.21,0.90,0.03
2.21,0.90,0.03
2.22,0.90,0.03
2.22,0.90,0.03
2.23,0.90,0.03
2.23,0.90,0.03
2.24,0.90,0.03
2.24,0.90,0.03
2.25,0.90,0.03
2.25,0.90,0.03
2.26,0.90,0.03
2.26,0.90,0.03
2.27,0.90,0.03
2.27,0.90,0.03
2.28,0.90,0.03
2.28,0.90,0.03
2.29,0.90,0.03
2.29,0.90,0.03
2.30,0.90,0.03
2.30,0.90,0.03
2.31,0.90,0.03
2.31,0.90,0.03
2.32,0.90,0.03
2.32,0.90,0.03
2.33,0.90,0.03
2.33,0.90,0.03
2.34,0.90,0.03
2.34,0.90,0.03
2.35,0.90,0.03
2.35,0.90,0.03
2.36,0.90,0.03
2.36,0.90,0.03
2.37,0.90,0.03
2.37,0.90,0.03
2.38,0.90,0.03
2.38,0.90,0.03
2.39,0.90,0.03
2.39,0.90,0.03
2.40,0.90,0.03
2.40,0.90,0.03
2.41,0.90,0.03
2.41,0.90,0.03
2.42,0.90,0.03
2.42,0.90,0.03
2.43,0.90,0.03
2.43,0.90,0.03
2.44,0.90,0.03
2.44,0.90,0.03
2.45,0.90,0.03
2.45,0.90,0.03
2.46,0.90,0.03
2.46,0.90,0.03
2.47,0.90,0.03
2.47,0.90,0.03
2.48,0.90,0.03
2.48,0.90,0.03
2.49,0.90,0.03
2.49,0.90,0.03
2.50,0.90,0.03
2.50,0.90,0.03
2.51,0.90,0.03
2.51,0.90,0.03
2.52,0.90,0.03
2.52,0.90,0.03
2.53,0.90,0.03
2.53,0.90,0.03
2.54,0.90,0.03
2.54,0.90,0.03
2.55,0.90,0.03
2.55,0.90,0.03
2.56,0.90,0.03
2.56,0.90,0.03
2.57,0.90,0.03
2.57,0.90,0.03
2.58,0.90,0.03
2.58,0.90,0.03
2.59,0.90,0.03
2.59,0.90,0.03
2.60,0.90,0.03
2.60,0.90,0.03
2.61,0.90,0.03
2.61,0.90,0.03
2.62,0.90,0.03
2.62,0.90,0.03
2.63,0.90,0.03
2.63,0.90,0.03
2.64,0.90,0.03
2.64,0.90,0.03
2.65,0.90,0.03
2.65,0.90,0.03
2.66,0.90,0.03
2.66,0.90,0.03
2.67,0.90,0.03
2.67,0.90,0.03
2.68,0.90,0.03
2.68,0.90,0.03
2.69,0.90,0.03
2.69,0.90,0.03
2.70,0.90,0.03
2.70,0.90,0.03
2.71,0.90,0.03
2.71,0.90,0.03
2.72,0.90,0.03
2.72,0.90,0.03
2.73,0.90,0.03
2.73,0.90,0.03
2.74,0.90,0.03
2.74,0.90,0.03
2.75,0.90,0.03
2.75,0.90,0.03
2.76,0.90,0.03
2.76,0.90,0.03
2.77,0.90,0.03
2.77,0.90,0.03
2.78,0.90,0.03
2.78,0.90,0.03
2.79,0.90,0.03
2.79,0.90,0.03
2.80,0.90,0.03
2.80,0.90,0.03
2.81,0.90,0.03
2.81,0.90,0.03
2.82,0.90,0.03
2.82,0.90,0.03
2.83,0.90,0.03
2.83,0.90,0.03
2.84,0.90,0.03
2.84,0.90,0.03
2.85,0.90,0.03
2.85,0.90,0.03
2.86,0.90,0.03
2.86,0.90,0.03
2.87,0.90,0.03
2.87,0.90,0.03
2.88,0.90,0.03
2.88,0.90,0.03
2.89,0.90,0.03
2.89,0.90,0.03
2.90,0.90,0.03
2.90,0.90,0.03
2.91,0.90,0.03
2.91,0.90,0.03
2.92,0.90,0.03
2.92,0.90,0.03
2.93,0.90,0.03
2.93,0.90,0.03
2.94,0.90,0.03
2.94,0.90,0.03
2.95,0.90,0.03
2.95,0.90,0.03
2.96,0.90,0.03
2.96,0.90,0.03
2.97,0.90,0.03
2.97,0.90,0.03
2.98,0.90,0.03
2.98,0.90,0.03
2.99,0.90,0.03
2.99,0.90,0.03
3.00,0.90,0.03
3.00,0.90,0.03
3.01,0.90,0.03
3.01,0.90,0.03
3.02,0.90,0.03
3.02,0.90,0.03
3.03,0.90,0.03
3.03,0.90,0.03
3.04,0.90,0.03
3.04,0.90,0.03
3.05,0.90,0.03
3.05,0.90,0.03
3.06,0.90,0.03
3.06,0.90,0.03
3.07,0.90,0.03
3.07,0.90,0.03
3.08,0.90,0.03
3.08,0.90,0.03
3.09,0.90,0.03
3.09,0.90,0.03
3.10,0.90,0.03
3.10,0.90,0.03
3.11,0.90,0.03
3.11,0.90,0.03
3.12,0.90,0.03
3.12,0.90,0.03
3.13,0.90,0.03
3.13,0.90,0.03
3.14,0.90,0.03
3.14,0.90,0.03
3.15,0.90,0.03
3.15,0.90,0.03
3.16,0.90,0.03
3.16,0.90,0.03
3.17,0.90,0.03
3.17,0.90,0.03
3.18,0.90,0.03
3.18,0.90,0.03
3.19,0.90,0.03
3.19,0.90,0.03
3.20,0.90,0.03
3.20,0.90,0.03
3.21,0.90,0.03
3.21,0.90,0.03
3.22,0.90,0.03
3.22,0.90,0.03
3.23,0.90,0.03
3.23,0.90,0.03
3.24,0.90,0.03
3.24,0.90,0.03
3.25,0.90,0.03
3.25,0.90,0.03
3.26,0.90,0.03
3.26,0.90,0.03
3.27,0.90,0.03
3.27,0.90,0.03
3.28,0.90,0.03
3.28,0.90,0.03
3.29,0.90,0.03
3.29,0.90,0.03
3.30,0.90,0.03
3.30,0.90,0.03
3.31,0.90,0.03
3.31,0.90,0.03
3.32,0.90,0.03
3.32,0.90,0.03
3.33,0.90,0.03
3.33,0.90,0.03
3.34,0.90,0.03
3.34,0.90,0.03
3.35,0.90,0.03
3.35,0.90,0.03
3.36,0.90,0.03
3.36,0.90,0.03
3.37,0.90,0.03
3.37,0.90,0.03
3.38,0.90,0.03
3.38,0.90,0.03
3.39,0.90,0.03
3.39,0.90,0.03
3.40,0.90,0.03
3.40,0.90,0.03
3.41,0.90,0.03
3.41,0.90,0.03
3.42,0.90,0.03
3.42,0.90,0.03
3.43,0.90,0.03
3.43,0.90,0.03
3.44,0.90,0.03
3.44,0.90,0.03
3.45,0.90,0.03
3.45,0.90,0.03
3.46,0.90,0.03
3.46,0.90,0.03
3.47,0.90,0.03
3.47,0.90,0.03
3.48,0.90,0.03
3.48,0.90,0.03
3.49,0.90,0.03
3.49,0.90,0.03
3.50,0.90,0.03
3.50,0.90,0.03
3.51,0.90,0.03
3.51,0.90,0.03
3.52,0.90,0.03
3.52,0.90,0.03
3.53,0.90,0.03
3.53,0.90,0.03
3.54,0.90,0.03
3.54,0.90,0.03
3.55,0.90,0.03
3.55,0.90,0.03
3.56,0.90,0.03
3.56,0.90,0.03
3.57,0.90,0.03
3.57,0.90,0.03
3.58,0.90,0.03
3.58,0.90,0.03
3.59,0.90,0.03
3.59,0.90,0.03
3.60,0.90,0.03
3.60,0.90,0.03
3.61,0.90,0.03
3.61,0.90,0.03
3.62,0.90,0.03
3.62,0.90,0.03
3.63,0.90,0.03
3.63,0.90,0.03
3.64,0.90,0.03
3.64,0.90,0.03
3.65,0.90,0.03
3.65,0.90,0.03
3.66,0.90,0.03
3.66,0.90,0.03
3.67,0.90,0.03
3.67,0.90,0.03
3.68,0.90,0.03
3.68,0.90,0.03
3.69,0.90,0.03
3.69,0.90,0.03
3.70,0.90,0.03
3.70,0.90,0.03
3.71,0.90,0.03
3.71,0.90,0.03
3.72,0.90,0.03
3.72,0.90,0.03
3.73,0.90,0.03
3.73,0.90,0.03
3.74,0.90,0.03
3.74,0.90,0.03
3.75,0.90,0.03
3.75,0.90,0.03
3.76,0.90,0.03
3.76,0.90,0.03
3.77,0.90,0.03
3.77,0.90,0.03
3.78,0.90,0.03
3.78,0.90,0.03
3.79,0.90,0.03
3.79,0.90,0.03
3.80,0.90,0.03
3.80,0.90,0.03
3.81,0.90,0.03
3.81,0.90,0.03
3.82,0.90,0.03
3.82,0.90,0.03
3.83,0.90,0.03
3.83,0.90,0.03
3.84,0.90,0.03
3.84,0.90,0.03
3.85,0.90,0.03
3.85,0.90,0.03
3.86,0.90,0.03
3.86,0.90,0.03
3.87,0.90,0.03
3.87,0.90,0.03
3.88,0.90,0.03
3.88,0.90,0.03
3.89,0.90,0.03
3.89,0.90,0.03
3.90,0.90,0.03
3.90,0.90,0.03
3.91,0.90,0.03
3.91,0.90,0.03
3.92,0.90,0.03
3.92,0.90,0.03
3.93,0.90,0.03
3.93,0.90,0.03
3.94,0.90,0.03
3.94,0.90,0.03
3.95,0.90,0.03
3.95,0.90,0.03
3.96,0.90,0.03
3.96,0.90,0.03
3.97,0.90,0.03
3.97,0.90,0.03
3.98,0.90,0.03
3.98,0.90,0.03
3.99,0.90,0.03
3.99,0.90,0.03
4.00,0.90,0.03
4.00,0.90,0.03
4.01,0.90,0.03
4.01,0.90,0.03
4.02,0.90,0.03
4.02,0.90,0.03
4.03,0.90,0.03
4.03,0.90,0.03
4.04,0.90,0.03
4.04,0.90,0.03
4.05,0.90,0.03
4.05,0.90,0.03
4.06,0.90,0.03
4.06,0.90,0.03
4.07,0.90,0.03
4.07,0.90,0.03
4.08,0.90,0.03
4.08,0.90,0.03
4.09,0.90,0.03
4.09,0.90,0.03
4.10,0.90,0.03
4.10,0.90,0.03
4.11,0.90,0.03
4.11,0.90,0.03
4.12,0.90,0.03
4.12,0.90,0.03
4.13,0.90,0.03
4.13,0.90,0.03
4.14,0.90,0.03
4.14,0.90,0.03
4.15,0.90,0.03
4.15,0.90,0.03
4.16,0.90,0.03
4.16,0.90,0.03
4.17,0.90,0.03
4.17,0.90,0.03
4.18,0.90,0.03
4.18,0.90,0.03
4.19,0.90,0.03
4.19,0.90,0.03
4.20,0.90,0.03
4.20,0.90,0.03
4.21,0.90,0.03
4.21,0.90,0.03
4.22,0.90,0.03
4.22,0.90,0.03
4.23,0.90,0.03
4.23,0.90,0.03
4.24,0.90,0.03
4.24,0.90,0.03
4.25,0.90,0.03
4.25,0.90,0.03
4.26,0.90,0.03
4.26,0.90,0.03
4.27,0.90,0.03
4.27,0.90,0.03
4.28,0.90,0.03
4.28,0.90,0.03
4.29,0.90,0.03
4.29,0.90,0.03
4.30,0.90,0.03
4.30,0.90,0.03
4.31,0.90,0.03
4.31,0.90,0.03
4.32,0.90,0.03
4.32,0.90,0.03
4.33,0.90,0.03
4.33,0.90,0.03
4.34,0.90,0.03
4.34,0.90,0.03
4.35,0.90,0.03
4.35,0.90,0.03
4.36,0.90,0.03
4.36,0.90,0.03
4.37,0.90,0.03
4.37,0.90,0.03
4.38,0.90,0.03
4.38,0.90,0.03
4.39,0.90,0.03
4.39,0.90,0.03
4.40,0.90,0.03
4.40,0.90,0.03
4.41,0.90,0.03
4.41,0.90,0.03
4.42,0.90,0.03
4.42,0.90,0.03
4.43,0.90,0.03
4.43,0.90,0.03
4.44,0.90,0.03
4.44,0.90,0.03
4.45,0.90,0.03
4.45,0.90,0.03
4.46,0.90,0.03
4.46,0.90,0.03
4.47,0.90,0.03
4.47,0.90,0.03
4.48,0.90,0.03
4.48,0.90,0.03
4.49,0.90,0.03
4.49,0.90,0.03
4.50,0.90,0.03
4.50,0.90,0.03
4.51,0.90,0.03
4.51,0.90,0.03
4.52,0.90,0.03
4.52,0.90,0.03
4.53,0.90,0.03
4.53,0.90,0.03
4.54,0.90,0.03
4.54,0.90,0.03
4.55,0.90,0.03
4.55,0.90,0.03
4.56,0.90,0.03
4.56,0.90,0.03
4.57,0.90,0.03
4.57,0.90,0.03
4.58,0.90,0.03
4.58,0.90,0.03
4.59,0.90,0.03
4.59,0.90,0.03
4.60,0.90,0.03
4.60,0.90,0.03
4.61,0.90,0.03
4.61,0.90,0.03
4.62,0.90,0.03
4.62,0.90,0.03
4.63,0.90,0.03
4.63,0.90,0.03
4.64,0.90,0.03
4.64,0.90,0.03
4.65,0.90,0.03
4.65,0.90,0.03
4.66,0.90,0.03
4.66,0.90,0.03
4.67,0.90,0.03
4.67,0.90,0.03
4.68,0.90,0.03
4.68,0.90,0.03
4.69,0.90,0.03
4.69,0.90,0.03
4.70,0.90,0.03
4.70,0.90,0.03
4.71,0.90,0.03
4.71,0.90,0.03
4.72,0.90,0.03
4.72,0.90,0.03
4.73,0.90,0.03
4.73,0.90,0.03
4.74,0.90,0.03
4.74,0.90,0.03
4.75,0.90,0.03
4.75,0.90,0.03
4.76,0.90,0.03
4.76,0.90,0.03
4.77,0.90,0.03
4.77,0.90,0.03
4.78,0.90,0.03
4.78,0.90,0.03
4.79,0.90,0.03
4.79,0.90,0.03
4.80,0.90,0.03
4.80,0.90,0.03
4.81,0.90,0.03
4.81,0.90,0.03
4.82,0.90,0.03
4.82,0.90,0.03
4.83,0.90,0.03
4.83,0.90,0.03
4.84,0.90,0.03
4.84,0.90,0.03
4.85,0.90,0.03
4.85,0.90,0.03
4.86,0.90,0.03
4.86,0.90,0.03
4.87,0.90,0.03
4.87,0.90,0.03
4.88,0.90,0.03
4.88,0.90,0.03
4.89,0.90,0.03
4.89,0.90,0.03
4.90,0.90,0.03
4.90,0.90,0.03
4.91,0.90,0.03
4.91,0.90,0.03
4.92,0.90,0.03
4.92,0.90,0.03
4.93,0.90,0.03
4.93,0.90,0.03
4.94,0.90,0.03
4.94,0.90,0.03
4.95,0.90,0.03
4.95,0.90,0.03
4.96,0.90,0.03
4.96,0.90,0.03
4.97,0.90,0.03
4.97,0.90,0.03
4.98,0.90,0.03
4.98,0.90,0.03
4.99,0.90,0.03
4.99,0.90,0.03
5.00,0.90,0.03
5.00,0.90,0.03
5.01,0.90,0.03
5.01,0.90,0.03
5.02,0.90,0.03
5.02,0.90,0.03
5.03,0.90,0.03
5.03,0.90,0.03
5.04,0.90,0.03
5.04,0.90,0.03
5.05,0.90,0.03
5.05,0.90,0.03
5.06,0.90,0.03
5.06,0.90,0.03
5.07,0.90,0.03
5.07,0.90,0.03
5.08,0.90,0.03
5.08,0.90,0.03
5.09,0.90,0.03
5.09,0.90,0.03
5.10,0.90,0.03
5.10,0.90,0.03
5.11,0.90,0.03
5.11,0.90,0.03
5.12,0.90,0.03
5.12,0.90,0.03
5.13,0.90,0.03
5.13,0.90,0.03
5.14,0.90,0.03
5.14,0.90,0.03
5.15,0.90,0.03
5.15,0.90,0.03
5.16,0.90,0.03
5.16,0.90,0.03
5.17,0.90,0.03
5.17,0.90,0.03
5.18,0.90,0.03
5.18,0.90,0.03
5.19,0.90,0.03
5.19,0.90,0.03
5.20,0.90,0.03
5.20,0.90,0.03
5.21,0.90,0.03
5.21,0.90,0.03
5.22,0.90,0.03
5.22,0.90,0.03
5.23,0.90,0.03
5.23,0.90,0.03
5.24,0.90,0.03
5.24,0.90,0.03
5.25,0.90,0.03
5.25,0.90,0.03
5.26,0.90,0.03
5.26,0.90,0.03
5.27,0.90,0.03
5.27,0.90,0.03
5.28,0.90,0.03
5.28,0.90,0.03
5.29,0.90,0.03
5.29,0.90,0.03
5.30,0.90,0.03
5.30,0.90,0.03
5.31,0.90,0.03
5.31,0.90,0.03
5.32,0.90,0.03
5.32,0.90,0.03
5.33,0.90,0.03
5.33,0.90,0.03
5.34,0.90,0.03
5.34,0.90,0.03
5.35,0.90,0.03
5.35,0.90,0.03
5.36,0.90,0.03
5.36,0.90,0.03
5.37,0.90,0.03
5.37,0.90,0.03
5.38,0.90,0.03
5.38,0.90,0.03
5.39,0.90,0.03
5.39,0.90,0.03
5.40,0.90,0.03
5.40,0.90,0.03
5.41,0.90,0.03
5.41,0.90,0.03
5.42,0.90,0.03
5.42,0.90,0.03
5.43,0.90,0.03
5.43,0.90,0.03
5.44,0.90,0.03
5.44,0.90,0.03
5.45,0.90,0.03
5.45,0.90,0.03
5.46,0.90,0.03
5.46,0.90,0.03
5.47,0.90,0.03
5.47,0.90,0.03
5.48,0.90,0.03
5.48,0.90,0.03
5.49,0.90,0.03
5.49,0.90,0.03
5.50,0.90,0.03
5.50,0.90,0.03
5.51,0.90,0.03
5.51,0.90,0.03
5.52,0.90,0.03
5.52,0.90,0.03
5.53,0.90,0.03
5.53,0.90,0.03
5.54,0.90,0.03
5.54,0.90,0.03
5.55,0.90,0.03
5.55,0.90,0.03
5.56,0.90,0.03
5.56,0.90,0.03
5.57,0.90,0.03
5.57,0.90,0.03
5.58,0.90,0.03
5.58,0.90,0.03
5.59,0.90,0.03
5.59,0.90,0.03
5.60,0.90,0.03
5.60,0.90,0.03
5.61,0.90,0.03
5.61,0.90,0.03
5.62,0.90,0.03
5.62,0.90,0.03
5.63,0.90,0.03
5.63,0.90,0.03
5.64,0.90,0.03
5.64,0.90,0.03
5.65,0.90,0.03
5.65,0.90,0.03
5.66,0.90,0.03
5.66,0.90,0.03
5.67,0.90,0.03
5.67,0.90,0.03
5.68,0.90,0.03
5.68,0.90,0.03
5.69,0.90,0.03
5.69,0.90,0.03
5.70,0.90,0.03
5.70,0.90,0.03
5.71,0.90,0.03
5.71,0.90,0.03
5.72,0.90,0.03
5.72,0.90,0.03
5.73,0.90,0.03
5.73,0.90,0.03
5.74,0.90,0.03
5.74,0.90,0.03
5.75,0.90,0.03
5.75,0.90,0.03
5.76,0.90,0.03
5.76,0.90,0.03
5.77,0.90,0.03
5.77,0.90,0.03
5.78,0.90,0.03
5.78,0.90,0.03
5.79,0.90,0.03
5.79,0.90,0.03
5.80,0.90,0.03
5.80,0.90,0.03
5.81,0.90,0.03
5.81,0.90,0.03
5.82,0.90,0.03
5.82,0.90,0.03
5.83,0.90,0.03
5.83,0.90,0.03
5.84,0.90,0.03
5.84,0.90,0.03
5.85,0.90,0.03
5.85,0.90,0.03
5.86,0.90,0.03
5.86,0.90,0.03
5.87,0.90,0.03
5.87,0.90,0.03
5.88,0.90,0.03
5.88,0.90,0.03
5.89,0.90,0.03
5.89,0.90,0.03
5.90,0.90,0.03
5.90,0.90,0.03
5.91,0.90,0.03
5.91,0.90,0.03
5.92,0.90,0.03
5.92,0.90,0.03
5.93,0.90,0.03
5.93,0.90,0.03
5.94,0.90,0.03
5.94,0.90,0.03
5.95,0.90,0.03
5.95,0.90,0.03
5.96,0.90,0.03
5.96,0.90,0.03
5.97,0.90,0.03
5.97,0.90,0.03
5.98,0.90,0.03
5.98,0.90,0.03
5.99,0.90,0.03
5.99,0.90,0.03
6.00,0.90,0.03
6.00,0.90,0.03
6.01,0.90,0.03
6.01,0.90,0.03
6.02,0.90,0.03
6.02,0.90,0.03
6.03,0.90,0.03
6.03,0.90,0.03
6.04,0.90,0.03
6.04,0.90,0.03
6.05,0.90,0.03
6.05,0.90,0.03
6.06,0.90,0.03
6.06,0.90,0.03
6.07,0.90,0.03
6.07,0.90,0.03
6.08,0.90,0.03
6.08,0.90,0.03
6.09,0.90,0.03
6.09,0.90,0.03
6.10,0.90,0.03
6.10,0.90,0.03
6.11,0.90,0.03
6.11,0.90,0.03
6.12,0.90,0.03
6.12,0.90,0.03
6.13,0.90,0.03
6.13,0.90,0.03
6.14,0.90,0.03
6.14,0.90,0.03
6.15,0.90,0.03
6.15,0.90,0.03
6.16,0.90,0.03
6.16,0.90,0.03
6.17,0.90,0.03
6.17,0.90,0.03
6.18,0.90,0.03
6.18,0.90,0.03
6.19,0.90,0.03
6.19,0.90,0.03
6.20,0.90,0.03
6.20,0.90,0.03
6.21,0.90,0.03
6.21,0.90,0.03
6.22,0.90,0.03
6.22,0.90,0.03
6.23,0.90,0.03
6.23,0.90,0.03
6.24,0.90,0.03
6.24,0.90,0.03
6.25,0.90,0.03
6.25,0.90,0.03
6.26,0.90,0.03
6.26,0.90,0.03
6.27,0.90,0.03
6.27,0.90,0.03
6.28,0.90,0.03
6.28,0.90,0.03
6.29,0.90,0.03
6.29,0.90,0.03
6.30,0.90,0.03
6.30,0.90,0.03
6.31,0.90,0.03
6.31,0.90,0.03
6.32,0.90,0.03
6.32,0.90,0.03
6.33,0.90,0.03
6.33,0.90,0.03
6.34,0.90,0.03
6.34,0.90,0.03
6.35,0.90,0.03
6.35,0.90,0.03
6.36,0.90,0.03
6.36,0.90,0.03
6.37,0.90,0.03
6.37,0.90,0.03
6.38,0.90,0.03
6.38,0.90,0.03
6.39,0.90,0.03
6.39,0.90,0.03
6.40,0.90,0.03
6.40,0.90,0.03
6.41,0.90,0.03
6.41,0.90,0.03
6.42,0.90,0.03
6.42,0.90,0.03
6.43,0.90,0.03
6.43,0.90,0.03
6.44,0.90,0.03
6.44,0.90,0.03
6.45,0.90,0.03
6.45,0.90,0.03
6.46,0.90,0.03
6.46,0.90,0.03
6.47,0.90,0.03
6.47,0.90,0.03
6.48,0.90,0.03
6.48,0.90,0.03
6.49,0.90,0.03
6.49,0.90,0.03
6.50,0.90,0.03
6.50,0.90,0.03
6.51,0.90,0.03
6.51,0.90,0.03
6.52,0.90,0.03
6.52,0.90,0.03
6.53,0.90,0.03
6.53,0.90,0.03
6.54,0.90,0.03
6.54,0.90,0.03
6.55,0.90,0.03
6.55,0.90,0.03
6.56,0.90,0.03
6.56,0.90,0.03
6.57,0.90,0.03
6.57,0.90,0.03
6.58,0.90,0.03
6.58,0.90,0.03
6.59,0.90,0.03
6.59,0.90,0.03
6.60,0.90,0.03
6.60,0.90,0.03
6.61,0.90,0.03
6.61,0.90,0.03
6.62,0.90,0.03
6.62,0.90,0.03
6.63,0.90,0.03
6.63,0.90,0.03
6.64,0.90,0.03
6.64,0.90,0.03
6.65,0.90,0.03
6.65,0.90,0.03
6.66,0.90,0.03
6.66,0.90,0.03
6.67,0.90,0.03
6.67,0.90,0.03
6.68,0.90,0.03
6.68,0.90,0.03
6.69,0.90,0.03
6.69,0.90,0.03
6.70,0.90,0.03
6.70,0.90,0.03
6.71,0.90,0.03
6.71,0.90,0.03
6.72,0.90,0.03
6.72,0.90,0.03
6.73,0.90,0.03
6.73,0.90,0.03
6.74,0.90,0.03
6.74,0.90,0.03
6.75,0.90,0.03
6.75,0.90,0.03
6.76,0.90,0.03
6.76,0.90,0.03
6.77,0.90,0.03
6.77,0.90,0.03
6.78,0.90,0.03
6.78,0.90,0.03
6.79,0.90,0.03
6.79,0.90,0.03
6.80,0.90,0.03
6.80,0.90,0.03
6.81,0.90,0.03
6.81,0.90,0.03
6.82,0.90,0.03
6.82,0.90,0.03
6.83,0.90,0.03
6.83,0.90,0.03
6.84,0.90,0.03
6.84,0.90,0.03
6.85,0.90,0.03
6.85,0.90,0.03
6.86,0.90,0.03
6.86,0.90,0.03
6.87,0.90,0.03
6.87,0.90,0.03
6.88,0.90,0.03
6.88,0.90,0.03
6.89,0.90,0.03
6.89,0.90,0.03
6.90,0.90,0.03
6.90,0.90,0.03
6.91,0.90,0.03
6.91,0.90,0.03
6.92,0.90,0.03
6.92,0.90,0.03
6.93,0.90,0.03
6.93,0.90,0.03
6.94,0.90,0.03
6.94,0.90,0.03
6.95,0.90,0.03
6.95,0.90,0.03
6.96,0.90,0.03
6.96,0.90,0.03
6.97,0.90,0.03
6.97,0.90,0.03
6.98,0.90,0.03
6.98,0.90,0.03
6.99,0.90,0.03
6.99,0.90,0.03
7.00,0.90,0.03
7.00,0.90,0.03
7.01,0.90,0.03
7.01,0.90,0.03
7.02,0.90,0.03
7.02,0.90,0.03
7.03,0.90,0.03
7.03,0.90,0.03
7.04,0.90,0.03
7.04,0.90,0.03
7.05,0.90,0.03
7.05,0.90,0.03
7.06,0.90,0.03
7.06,0.90,0.03
7.07,0.90,0.03
7.07,0.90,0.03
7.08,0.90,0.03
7.08,0.90,0.03
7.09,0.90,0.03
7.09,0.90,0.03
7.10,0.90,0.03
7.10,0.90,0.03
7.11,0.90,0.03
7.11,0.90,0.03
7.12,0.90,0.03
7.12,0.90,0.03
7.13,0.90,0.03
7.13,0.90,0.03
7.14,0.90,0.03
7.14,0.90,0.03
7.15,0.90,0.03
7.15,0.90,0.03
7.16,0.90,0.03
7.16,0.90,0.03
7.17,0.90,0.03
7.17,0.90,0.03
7.18,0.90,0.03
7.18,0.90,0.03
7.19,0.90,0.03
7.19,0.90,0.03
7.20,0.90,0.03
7.20,0.90,0.03
7.21,0.90,0.03
7.21,0.90,0.03
7.22,0.90,0.03
7.22,0.90,0.03
7.23,0.90,0.03
7.23,0.90,0.03
7.24,0.90,0.03
7.24,0.90,0.03
7.25,0.90,0.03
7.25,0.90,0.03
7.26,0.90,0.03
7.26,0.90,0.03
7.27,0.90,0.03
7.27,0.90,0.03
7.28,0.90,0.03
7.28,0.90,0.03
7.29,0.90,0.03
7.29,0.90,0.03
7.30,0.90,0.03
7.30,0.90,0.03
7.31,0.90,0.03
7.31,0.90,0.03
7.32,0.90,0.03
7.32,0.90,0.03
7.33,0.90,0.03
7.33,0.90,0.03
7.34,0.90,0.03
7.34,0.90,0.03
7.35,0.90,0.03
7.35,0.90,0.03
7.36,0.90,0.03
7.36,0.90,0.03
7.37,0.90,0.03
7.37,0.90,0.03
7.38,0.90,0.03
7.38,0.90,0.03
7.39,0.90,0.03
7.39,0.90,0.03
7.40,0.90,0.03
7.40,0.90,0.03
7.41,0.90,0.03
7.41,0.90,0.03
7.42,0.90,0.03
7.42,0.90,0.03
7.43,0.90,0.03
7.43,0.90,0.03
7.44,0.90,0.03
7.44,0.90,0.03
7.45,0.90,0.03
7.45,0.90,0.03
7.46,0.90,0.03
7.46,0.90,0.03
7.47,0.90,0.03
7.47,0.90,0.03
7.48,0.90,0.03
7.48,0.90,0.03
7.49,0.90,0.03
7.49,0.90,0.03
7.50,0.90,0.03
7.50,0.90,0.03
7.51,0.90,0.03
7.51,0.90,0.03
7.52,0.90,0.03
7.52,0.90,0.03
7.53,0.90,0.03
7.53,0.90,0.03
7.54,0.90,0.03
7.54,0.90,0.03
7.55,0.90,0.03
7.55,0.90,0.03
7.56,0.90,0.03
7.56,0.90,0.03
7.57,0.90,0.03
7.57,0.90,0.03
7.58,0.90,0.03
7.58,0.90,0.03
7.59,0.90,0.03
7.59,0.90,0.03
7.60,0.90,0.03
7.60,0.90,0.03
7.61,0.90,0.03
7.61,0.90,0.03
7.62,0.90,0.03
7.62,0.90,0.03
7.63,0.90,0.03
7.63,0.90,0.03
7.64,0.90,0.03
7.64,0.90,0.03
7.65,0.90,0.03
7.65,0.90,0.03
7.66,0.90,0.03
7.66,0.90,0.03
7.67,0.90,0.03
7.67,0.90,0.03
7.68,0.90,0.03
7.68,0.90,0.03
7.69,0.90,0.03
7.69,0.90,0.03
7.70,0.90,0.03
7.70,0.90,0.03
7.71,0.90,0.03
7.71,0.90,0.03
7.72,0.90,0.03
7.72,0.90,0.03
7.73,0.90,0.03
7.73,0.90,0.03
7.74,0.90,0.03
7.74,0.90,0.03
7.75,0.90,0.03
7.75,0.90,0.03
7.76,0.90,0.03
7.76,0.90,0.03
7.77,0.90,0.03
7.77,0.90,0.03
7.78,0.90,0.03
7.78,0.90,0.03
7.79,0.90,0.03
7.79,0.90,0.03
7.80,0.90,0.03
7.80,0.90,0.03
7.81,0.90,0.03
7.81,0.90,0.03
7.82,0.90,0.03
7.82,0.90,0.03
7.83,0.90,0.03
7.83,0.90,0.03
7.84,0.90,0.03
7.84,0.90,0.03
7.85,0.90,0.03
7.85,0.90,0.03
7.86,0.90,0.03
7.86,0.90,0.03
7.87,0.90,0.03
7.87,0.90,0.03
7.88,0.90,0.03
7.88,0.90,0.03
7.89,0.90,0.03
7.89,0.90,0.03
7.90,0.90,0.03
7.90,0.90,0.03
7.91,0.90,0.03
7.91,0.90,0.03
7.92,0.90,0.03
7.92,0.90,0.03
7.93,0.90,0.03
7.93,0.90,0.03
7.94,0.90,0.03
7.94,0.90,0.03
7.95,0.90,0.03
7.95,0.90,0.03
7.96,0.90,0.03
7.96,0.90,0.03
7.97,0.90,0.03
7.97,0.90,0.03
7.98,0.90,0.03
7.98,0.90,0.03
7.99,0.90,0.03
7.99,0.90,0.03
8.00,0.90,0.03
8.00,0.90,0.03
8.01,0.90,0.03
8.01,0.90,0.03
8.02,0.90,0.03
8.02,0.90,0.03
8.03,0.90,0.03
8.03,0.90,0.03
8.04,0.90,0.03
8.04,0.90,0.03
8.05,0.90,0.03
8.05,0.90,0.03
8.06,0.90,0.03
8.06,0.90,0.03
8.07,0.90,0.03
8.07,0.90,0.03
8.08,0.90,0.03
8.08,0.90,0.03
8.09,0.90,0.03
8.09,0.90,0.03
8.10,0.90,0.03
8.10,0.90,0.03
8.11,0.90,0.03
8.11,0.90,0.03
8.12,0.90,0.03
8.12,0.90,0.03
8.13,0.90,0.03
8.13,0.90,0.03
8.14,0.90,0.03
8.14,0.90,0.03
8.15,0.90,0.03
8.15,0.90,0.03
8.16,0.90,0.03
8.16,0.90,0.03
8.17,0.90,0.03
8.17,0.90,0.03
8.18,0.90,0.03
8.18,0.90,0.03
8.19,0.90,0.03
8.19,0.90,0.03
8.20,0.90,0.03
8.20,0.90,0.03
8.21,0.90,0.03
8.21,0.90,0.03
8.22,0.90,0.03
8.22,0.90,0.03
8.23,0.90,0.03
8.23,0.90,0.03
8.24,0.90,0.03
8.24,0.90,0.03
8.25,0.90,0.03
8.25,0.90,0.03
8.26,0.90,0.03
8.26,0.90,0.03
8.27,0.90,0.03
8.27,0.90,0.03
8.28,0.90,0.03
8.28,0.90,0.03
8.29,0.90,0.03
8.29,0.90,0.03
8.30,0.90,0.03
8.30,0.90,0.03
8.31,0.90,0.03
8.31,0.90,0.03
8.32,0.90,0.03
8.32,0.90,0.03
8.33,0.90,0.03
8.33,0.90,0.03
8.34,0.90,0.03
8.34,0.90,0.03
8.35,0.90,0.03
8.35,0.90,0.03
8.36,0.90,0.03
8.36,0.90,0.03
8.37,0.90,0.03
8.37,0.90,0.03
8.38,0.90,0.03
8.38,0.90,0.03
8.39,0.90,0.03
8.39,0.90,0.03
8.40,0.90,0.03
8.40,0.90,0.03
8.41,0.90,0.03
8.41,0.90,0.03
8.42,0.90,0.03
8.42,0.90,0.03
8.43,0.90,0.03
8.43,0.90,0.03
8.44,0.90,0.03
8.44,0.90,0.03
8.45,0.90,0.03
8.45,0.90,0.03
8.46,0.90,0.03
8.46,0.90,0.03
8.47,0.90,0.03
8.47,0.90,0.03
8.48,0.90,0.03
8.48,0.90,0.03
8.49,0.90,0.03
8.49,0.90,0.03
8.50,0.90,0.03
8.50,0.90,0.03
8.51,0.90,0.03
8.51,0.90,0.03
8.52,0.90,0.03
8.52,0.90,0.03
8.53,0.90,0.03
8.53,0.90,0.03
8.54,0.90,0.03
8.54,0.90,0.03
8.55,0.90,0.03
8.55,0.90,0.03
8.56,0.90,0.03
8.56,0.90,0.03
8.57,0.90,0.03
8.57,0.90,0.03
8.58,0.90,0.03
8.58,0.90,0.03
8.59,0.90,0.03
8.59,0.90,0.03
8.60,0.90,0.03
8.60,0.90,0.03
8.61,0.90,0.03
8.61,0.90,0.03
8.62,0.90,0.03
8.62,0.90,0.03
8.63,0.90,0.03
8.63,0.90,0.03
8.64,0.90,0.03
8.64,0.90,0.03
8.65,0.90,0.03
8.65,0.90,0.03
8.66,0.90,0.03
8.66,0.90,0.03
8.67,0.90,0.03
8.67,0.90,0.03
8.68,0.90,0.03
8.68,0.90,0.03
8.69,0.90,0.03
8.69,0.90,0.03
8.70,0.90,0.03
8.70,0.90,0.03
8.71,0.90,0.03
8.71,0.90,0.03
8.72,0.90,0.03
8.72,0.90,0.03
8.73,0.90,0.03
8.73,0.90,0.03
8.74,0.90,0.03
8.74,0.90,0.03
8.75,0.90,0.03
8.75,0.90,0.03
8.76,0.90,0.03
8.76,0.90,0.03
8.77,0.90,0.03
8.77,0.90,0.03
8.78,0.90,0.03
8.78,0.90,0.03
8.79,0.90,0.03
8.79,0.90,0.03
8.80,0.90,0.03
8.80,0.90,0.03
8.81,0.90,0.03
8.81,0.90,0.03
8.82,0.90,0.03
8.82,0.90,0.03
8.83,0.90,0.03
8.83,0.90,0.03
8.84,0.90,0.03
8.84,0.90,0.03
8.85,0.90,0.03
8.85,0.90,0.03
8.86,0.90,0.03
8.86,0.90,0.03
8.87,0.90,0.03
8.87,0.90,0.03
8.88,0.90,0.03
8.88,0.90,0.03
8.89,0.90,0.03
8.89,0.90,0.03
8.90,0.90,0.03
8.90,0.90,0.03
8.91,0.90,0.03
8.91,0.90,0.03
8.92,0.90,0.03
8.92,0.90,0.03
8.93,0.90,0.03
8.93,0.90,0.03
8.94,0.90,0.03
8.94,0.90,0.03
8.95,0.90,0.03
8.95,0.90,0.03
8.96,0.90,0.03
8.96,0.90,0.03
8.97,0.90,0.03
8.97,0.90,0.03
8.98,0.90,0.03
8.98,0.90,0.03
8.99,0.90,0.03
8.99,0.90,0.03
9.00,0.90,0.03
9.00,0.90,0.03
9.01,0.90,0.03
9.01,0.90,0.03
9.02,0.90,0.03
9.02,0.90,0.03
9.03,0.90,0.03
9.03,0.90,0.03
9.04,0.90,0.03
9.04,0.90,0.03
9.05,0.90,0.03
9.05,0.90,0.03
9.06,0.90,0.03
9.06,0.90,0.03
9.07,0.90,0.03
9.07,0.90,0.03
9.08,0.90,0.03
9.08,0.90,0.03
9.09,0.90,0.03
9.09,0.90,0.03
9.10,0.90,0.03
9.10,0.90,0.03
9.11,0.90,0.03
9.11,0.90,0.03
9.12,0.90,0.03
9.12,0.90,0.03
9.13,0.90,0.03
9.13,0.90,0.03
9.14,0.90,0.03
9.14,0.90,0.03
9.15,0.90,0.03
9.15,0.90,0.03
9.16,0.90,0.03
9.16,0.90,0.03
9.17,0.90,0.03
9.17,0.90,0.03
9.18,0.90,0.03
9.18,0.90,0.03
9.19,0.90,0.03
9.19,0.90,0.03
9.20,0.90,0.03
9.20,0.90,0.03
9.21,0.90,0.03
9.21,0.90,0.03
9.22,0.90,0.03
9.22,0.90,0.03
9.23,0.90,0.03
9.23,0.90,0.03
9.24,0.90,0.03
9.24,0.90,0.03
9.25,0.90,0.03
9.25,0.90,0.03
9.26,0.90,0.03
9.26,0.90,0.03
9.27,0.90,0.03
9.27,0.90,0.03
9.28,0.90,0.03
9.28,0.90,0.03
9.29,0.90,0.03
9.29,0.90,0.03
9.30,0.90,0.03
9.30,0.90,0.03
9.31,0.90,0.03
9.31,0.90,0.03
9.32,0.90,0.03
9.32,0.90,0.03
9.33,0.90,0.03
9.33,0.90,0.03
9.34,0.90,0.03
9.34,0.90,0.03
9.35,0.90,0.03
9.35,0.90,0.03
9.36,0.90,0.03
9.36,0.90,0.03
9.37,0.90,0.03
9.37,0.90,0.03
9.38,0.90,0.03
9.38,0.90,0.03
9.39,0.90,0.03
9.39,0.90,0.03
9.40,0.90,0.03
9.40,0.90,0.03
9.41,0.90,0.03
9.41,0.90,0.03
9.42,0.90,0.03
9.42,0.90,0.03
9.43,0.90,0.03
9.43,0.90,0.03
9.44,0.90,0.03
9.44,0.90,0.03
9.45,0.90,0.03
9.45,0.90,0.03
9.46,0.90,0.03
9.46,0.90,0.03
9.47,0.90,0.03
9.47,0.90,0.03
9.48,0.90,0.03
9.48,0.90,0.03
9.49,0.90,0.03
9.49,0.90,0.03
9.50,0.90,0.03
9.50,0.90,0.03
9.51,0.90,0.03
9.51,0.90,0.03
9.52,0.90,0.03
9.52,0.90,0.03
9.53,0.90,0.03
9.53,0.90,0.03
9.54,0.90,0.03
9.54,0.90,0.03
9.55,0.90,0.03
9.55,0.90,0.03
9.56,0.90,0.03
9.56,0.90,0.03
9.57,0.90,0.03
9.57,0.90,0.03
9.58,0.90,0.03
9.58,0.90,0.03
9.59,0.90,0.03
9.59,0.90,0.03
9.60,0.90,0.03
9.60,0.90,0.03
9.61,0.90,0.03
9.61,0.90,0.03
9.62,0.90,0.03
9.62,0.90,0.03
9.63,0.90,0.03
9.63,0.90,0.03
9.64,0.90,0.03
9.64,0.90,0.03
9.65,0.90,0.03
9.65,0.90,0.03
9.66,0.90,0.03
9.66,0.90,0.03
9.67,0.90,0.03
9.67,0.90,0.03
9.68,0.90,0.03
9.68,0.90,0.03
9.69,0.90,0.03
9.69,0.90,0.03
9.70,0.90,0.03
9.70,0.90,0.03
9.71,0.90,0.03
9.71,0.90,0.03
9.72,0.90,0.03
9.72,0.90,0.03
9.73,0.90,0.03
9.73,0.90,0.03
9.74,0.90,0.03
9.74,0.90,0.03
9.75,0.90,0.03
9.75,0.90,0.03
9.76,0.90,0.03
9.76,0.90,0.03
9.77,0.90,0.03
9.77,0.90,0.03
9.78,0.90,0.03
9.78,0.90,0.03
9.79,0.90,0.03
9.79,0.90,0.03
9.80,0.90,0.03
9.80,0.90,0.03
9.81,0.90,0.03
9.81,0.90,0.03
9.82,0.90,0.03
9.82,0.90,0.03
9.83,0.90,0.03
9.83,0.90,0.03
9.84,0.90,0.03
9.84,0.90,0.03
9.85,0.90,0.03
9.85,0.90,0.03
9.86,0.90,0.03
9.86,0.90,0.03
9.87,0.90,0.03
9.87,0.90,0.03
9.88,0.90,0.03
9.88,0.90,0.03
9.89,0.90,0.03
9.89,0.90,0.03
9.90,0.90,0.03
9.90,0.90,0.03
9.91,0.90,0.03
9.91,0.90,0.03
9.92,0.90,0.03
9.92,0.90,0.03
9.93,0.90,0.03
9.93,0.90,0.03
9.94,0.90,0.03
9.94,0.90,0.03
9.95,0.90,0.03
9.95,0.90,0.03
9.96,0.90,0.03
9.96,0.90,0.03
9.97,0.90,0.03
9.97,0.90,0.03
9.98,0.90,0.03
9.98,0.90,0.03
9.99,0.90,0.03
9.99,0.90,0.03
10.00,0.90,0.03
10.00,0.90,0.03
10.01,0.90,0.03
10.01,0.90,0.03
10.02,0.90,0.03
10.02,0.90,0.03
10.03,0.90,0.03
10.03,0.90,0.03
10.04,0.90,0.03
10.04,0.90,0.03
10.05,0.90,0.03
10.05,0.90,0.03
10.06,0.90,0.03
10.06,0.90,0.03
10.07,0.90,0.03
10.07,0.90,0.03
10.08,0.90,0.03
10.08,0.90,0.03
10.09,0.90,0.03
10.09,0.90,0.03
10.10,0.90,0.03
10.10,0.90,0.03
10.11,0.90,0.03
10.11,0.90,0.03
10.12,0.90,0.03
10.12,0.90,0.03
10.13,0.90,0.03
10.13,0.90,0.03
10.14,0.90,0.03
10.14,0.90,0.03
10.15,0.90,0.03
10.15,0.90,0.03
10.16,0.90,0.03
10.16,0.90,0.03
10.17,0.90,0.03
10.17,0.90,0.03
10.18,0.90,0.03
10.18,0.90,0.03
10.19,0.90,0.03
10.19,0.90,0.03
10.20,0.90,0.03
10.20,0.90,0.03
10.21,0.90,0.03
10.21,0.90,0.03
10.22,0.90,0.03
10.22,0.90,0.03
10.23,0.90,0.03
10.23,0.90,0.03
10.24,0.90,0.03
10.24,0.90,0.03
10.25,0.90,0.03
10.25,0.90,0.03
10.26,0.90,0.03
10.26,0.90,0.03
10.27,0.90,0.03
10.27,0.90,0.03
10.28,0.90,0.03
10.28,0.90,0.03
10.29,0.90,0.03
10.29,0.90,0.03
10.30,0.90,0.03
10.30,0.90,0.03
10.31,0.90,0.03
10.31,0.90,0.03
10.32,0.90,0.03
10.32,0.90,0.03
10.33,0.90,0.03
10.33,0.90,0.03
10.34,0.90,0.03
10.34,0.90,0.03
10.35,0.90,0.03
10.35,0.90,0.03
10.36,0.90,0.03
10.36,0.90,0.03
10.37,0.90,0.03
10.37,0.90,0.03
10.38,0.90,0.03
10.38,0.90,0.03
10.39,0.90,0.03
10.39,0.90,0.03
10.40,0.90,0.03
10.40,0.90,0.03
10.41,0.90,0.03
10.41,0.90,0.03
10.42,0.90,0.03
10.42,0.90,0.03
10.43,0.90,0.03
10.43,0.90,0.03
10.44,0.90,0.03
10.44,0.90,0.03
10.45,0.90,0.03
10.45,0.90,0.03
10.46,0.90,0.03
10.46,0.90,0.03
10.47,0.90,0.03
10.47,0.90,0.03
10.48,0.90,0.03
10.48,0.90,0.03
10.49,0.90,0.03
10.49,0.90,0.03
10.50,0.90,0.03
10.50,0.90,0.03
10.51,0.90,0.03
10.51,0.90,0.03
10.52,0.90,0.03
10.52,0.90,0.03
10.53,0.90,0.03
10.53,0.90,0.03
10.54,0.90,0.03
10.54,0.90,0.03
10.55,0.90,0.03
10.55,0.90,0.03
10.56,0.90,0.03
10.56,0.90,0.03
10.57,0.90,0.03
10.57,0.90,0.03
10.58,0.90,0.03
10.58,0.90,0.03
10.59,0.90,0.03
10.59,0.90,0.03
10.60,0.90,0.03
10.60,0.90,0.03
10.61,0.90,0.03
10.61,0.90,0.03
10.62,0.90,0.03
10.62,0.90,0.03
10.63,0.90,0.03
10.63,0.90,0.03
10.64,0.90,0.03
10.64,0.90,0.03
10.65,0.90,0.03
10.65,0.90,0.03
10.66,0.90,0.03
10.66,0.90,0.03
10.67,0.90,0.03
10.67,0.90,0.03
10.68,0.90,0.03
10.68,0.90,0.03
10.69,0.90,0.03
10.69,0.90,0.03
10.70,0.90,0.03
10.70,0.90,0.03
10.71,0.90,0.03
10.71,0.90,0.03
10.72,0.90,0.03
10.72,0.90,0.03
10.73,0.90,0.03
10.73,0.90,0.03
10.74,0.90,0.03
10.74,0.90,0.03
10.75,0.90,0.03
10.75,0.90,0.03
10.76,0.90,0.03
10.76,0.90,0.03
10.77,0.90,0.03
10.77,0.90,0.03
10.78,0.90,0.03
10.78,0.90,0.03
10.79,0.90,0.03
10.79,0.90,0.03
10.80,0.90,0.03
10.80,0.90,0.03
10.81,0.90,0.03
10.81,0.90,0.03
10.82,0.90,0.03
10.82,0.90,0.03
10.83,0.90,0.03
10.83,0.90,0.03
10.84,0.90,0.03
10.84,0.90,0.03
10.85,0.90,0.03
10.85,0.90,0.03
10.86,0.90,0.03
10.86,0.90,0.03
10.87,0.90,0.03
10.87,0.90,0.03
10.88,0.90,0.03
10.88,0.90,0.03
10.89,0.90,0.03
10.89,0.90,0.03
10.90,0.90,0.03
10.90,0.90,0.03
10.91,0.90,0.03
10.91,0.90,0.03
10.92,0.90,0.03
10.92,0.90,0.03
10.93,0.90,0.03
10.93,0.90,0.03
10.94,0.90,0.03
10.94,0.90,0.03
10.95,0.90,0.03
10.95,0.90,0.03
10.96,0.90,0.03
10.96,0.90,0.03
10.97,0.90,0.03
10.97,0.90,0.03
10.98,0.90,0.03
10.98,0.90,0.03
10.99,0.90,0.03
10.99,0.90,0.03
11.00,0.90,0.03
11.00,0.90,0.03
11.01,0.90,0.03
11.01,0.90,0.03
11.02,0.90,0.03
11.02,0.90,0.03
11.03,0.90,0.03
11.03,0.90,0.03
11.04,0.90,0.03
11.04,0.90,0.03
11.05,0.90,0.03
11.05,0.90,0.03
11.06,0.90,0.03
11.06,0.90,0.03
11.07,0.90,0.03
11.07,0.90,0.03
11.08,0.90,0.03
11.08,0.90,0.03
11.09,0.90,0.03
11.09,0.90,0.03
11.10,0.90,0.03
11.10,0.90,0.03
11.11,0.90,0.03
11.11,0.90,0.03
11.12,0.90,0.03
11.12,0.90,0.03
11.13,0.90,0.03
11.13,0.90,0.03
11.14,0.90,0.03
11.14,0.90,0.03
11.15,0.90,0.03
11.15,0.90,0.03
11.16,0.90,0.03
11.16,0.90,0.03
11.17,0.90,0.03
11.17,0.90,0.03
11.18,0.90,0.03
11.18,0.90,0.03
11.19,0.90,0.03
11.19,0.90,0.03
11.20,0.90,0.03
11.20,0.90,0.03
11.21,0.90,0.03
11.21,0.90,0.03
11.22,0.90,0.03
11.22,0.90,0.03
11.23,0.90,0.03
11.23,0.90,0.03
11.24,0.90,0.03
11.24,0.90,0.03
11.25,0.90,0.03
11.25,0.90,0.03
11.26,0.90,0.03
11.26,0.90,0.03
11.27,0.90,0.03
11.27,0.90,0.03
11.28,0.90,0.03
11.28,0.90,0.03
11.29,0.90,0.03
11.29,0.90,0.03
11.30,0.90,0.03
11.30,0.90,0.03
11.31,0.90,0.03
11.31,0.90,0.03
11.32,0.90,0.03
11.32,0.90,0.03
11.33,0.90,0.03
11.33,0.90,0.03
11.34,0.90,0.03
11.34,0.90,0.03
11.35,0.90,0.03
11.35,0.90,0.03
11.36,0.90,0.03
11.36,0.90,0.03
11.37,0.90,0.03
11.37,0.90,0.03
11.38,0.90,0.03
11.38,0.90,0.03
11.39,0.90,0.03
11.39,0.90,0.03
11.40,0.90,0.03
11.40,0.90,0.03
11.41,0.90,0.03
11.41,0.90,0.03
11.42,0.90,0.03
11.42,0.90,0.03
11.43,0.90,0.03
11.43,0.90,0.03
11.44,0.90,0.03
11.44,0.90,0.03
11.45,0.90,0.03
11.45,0.90,0.03
11.46,0.90,0.03
11.46,0.90,0.03
11.47,0.90,0.03
11.47,0.90,0.03
11.48,0.90,0.03
11.48,0.90,0.03
11.49,0.90,0.03
11.49,0.90,0.03
11.50,0.90,0.03
11.50,0.90,0.03
11.51,0.90,0.03
11.51,0.90,0.03
11.52,0.90,0.03
11.52,0.90,0.03
11.53,0.90,0.03
11.53,0.90,0.03
11.54,0.90,0.03
11.54,0.90,0.03
11.55,0.90,0.03
11.55,0.90,0.03
11.56,0.90,0.03
11.56,0.90,0.03
11.57,0.90,0.03
11.57,0.90,0.03
11.58,0.90,0.03
11.58,0.90,0.03
11.59,0.90,0.03
11.59,0.90,0.03
11.60,0.90,0.03
11.60,0.90,0.03
11.61,0.90,0.03
11.61,0.90,0.03
11.62,0.90,0.03
11.62,0.90,0.03
11.63,0.90,0.03
11.63,0.90,0.03
11.64,0.90,0.03
11.64,0.90,0.03
11.65,0.90,0.03
11.65,0.90,0.03
11.66,0.90,0.03
11.66,0.90,0.03
11.67,0.90,0.03
11.67,0.90,0.03
11.68,0.90,0.03
11.68,0.90,0.03
11.69,0.90,0.03
11.69,0.90,0.03
11.70,0.90,0.03
11.70,0.90,0.03
11.71,0.90,0.03
11.71,0.90,0.03
11.72,0.90,0.03
11.72,0.90,0.03
11.73,0.90,0.03
11.73,0.90,0.03
11.74,0.90,0.03
11.74,0.90,0.03
11.75,0.90,0.03
11.75,0.90,0.03
11.76,0.90,0.03
11.76,0.90,0.03
11.77,0.90,0.03
11.77,0.90,0.03
11.78,0.90,0.03
11.78,0.90,0.03
11.79,0.90,0.03
11.79,0.90,0.03
11.80,0.90,0.03
11.80,0.90,0.03
11.81,0.90,0.03
11.81,0.90,0.03
11.82,0.90,0.03
11.82,0.90,0.03
11.83,0.90,0.03
11.83,0.90,0.03
11.84,0.90,0.03
11.84,0.90,0.03
11.85,0.90,0.03
11.85,0.90,0.03
11.86,0.90,0.03
11.86,0.90,0.03
11.87,0.90,0.03
11.87,0.90,0.03
11.88,0.90,0.03
11.88,0.90,0.03
11.89,0.90,0.03
11.89,0.90,0.03
11.90,0.90,0.03
11.90,0.90,0.03
11.91,0.90,0.03
11.91,0.90,0.03
11.92,0.90,0.03
11.92,0.90,0.03
11.93,0.90,0.03
11.93,0.90,0.03
11.94,0.90,0.03
11.94,0.90,0.03
11.95,0.90,0.03
11.95,0.90,0.03
11.96,0.90,0.03
11.96,0.90,0.03
11.97,0.90,0.03
11.97,0.90,0.03
11.98,0.90,0.03
11.98,0.90,0.03
11.99,0.90,0.03
11.99,0.90,0.03
12.00,0.90,0.03
12.00,0.90,0.03
12.01,0.90,0.03
12.01,0.90,0.03
12.02,0.90,0.03
12.02,0.90,0.03
12.03,0.90,0.03
12.03,0.90,0.03
12.04,0.90,0.03
12.04,0.90,0.03
12.05,0.90,0.03
12.05,0.90,0.03
12.06,0.90,0.03
12.06,0.90,0.03
12.07,0.90,0.03
12.07,0.90,0.03
12.08,0.90,0.03
12.08,0.90,0.03
12.09,0.90,0.03
12.09,0.90,0.03
12.10,0.90,0.03
12.10,0.90,0.03
12.11,0.90,0.03
12.11,0.90,0.03
12.12,0.90,0.03
12.12,0.90,0.03
12.13,0.90,0.03
12.13,0.90,0.03
12.14,0.90,0.03
12.14,0.90,0.03
12.15,0.90,0.03
12.15,0.90,0.03
12.16,0.90,0.03
12.16,0.90,0.03
12.17,0.90,0.03
12.17,0.90,0.03
12.18,0.90,0.03
12.18,0.90,0.03
12.19,0.90,0.03
12.19,0.90,0.03
12.20,0.90,0.03
12.20,0.90,0.03
12.21,0.90,0.03
12.21,0.90,0.03
12.22,0.90,0.03
12.22,0.90,0.03
12.23,0.90,0.03
12.23,0.90,0.03
12.24,0.90,0.03
12.24,0.90,0.03
12.25,0.90,0.03
12.25,0.90,0.03
12.26,0.90,0.03
12.26,0.90,0.03
12.27,0.90,0.03
12.27,0.90,0.03
12.28,0.90,0.03
12.28,0.90,0.03
12.29,0.90,0.03
12.29,0.90,0.03
12.30,0.90,0.03
12.30,0.90,0.03
12.31,0.90,0.03
12.31,0.90,0.03
12.32,0.90,0.03
12.32,0.90,0.03
12.33,0.90,0.03
12.33,0.90,0.03
12.34,0.90,0.03
12.34,0.90,0.03
12.35,0.90,0.03
12.35,0.90,0.03
12.36,0.90,0.03
12.36,0.90,0.03
12.37,0.90,0.03
12.37,0.90,0.03
12.38,0.90,0.03
12.38,0.90,0.03
12.39,0.90,0.03
12.39,0.90,0.03
12.40,0.90,0.03
12.40,0.90,0.03
12.41,0.90,0.03
12.41,0.90,0.03
12.42,0.90,0.03
12.42,0.90,0.03
12.43,0.90,0.03
12.43,0.90,0.03
12.44,0.90,0.03
12.44,0.90,0.03
12.45,0.90,0.03
12.45,0.90,0.03
12.46,0.90,0.03
12.46,0.90,0.03
12.47,0.90,0.03
12.47,0.90,0.03
12.48,0.90,0.03
12.48,0.90,0.03
12.49,0.90,0.03
12.49,0.90,0.03
12.50,0.90,0.03
12.50,0.90,0.03
12.51,0.90,0.03
12.51,0.90,0.03
12.52,0.90,0.03
12.52,0.90,0.03
12.53,0.90,0.03
12.53,0.90,0.03
12.54,0.90,0.03
12.54,0.90,0.03
12.55,0.90,0.03
12.55,0.90,0.03
12.56,0.90,0.03
12.56,0.90,0.03
12.57,0.90,0.03
12.57,0.90,0.03
12.58,0.90,0.03
12.58,0.90,0.03
12.59,0.90,0.03
12.59,0.90,0.03
12.60,0.90,0.03
12.60,0.90,0.03
12.61,0.90,0.03
12.61,0.90,0.03
12.62,0.90,0.03
12.62,0.90,0.03
12.63,0.90,0.03
12.63,0.90,0.03
12.64,0.90,0.03
12.64,0.90,0.03
12.65,0.90,0.03
12.65,0.90,0.03
12.66,0.90,0.03
12.66,0.90,0.03
12.67,0.90,0.03
12.67,0.90,0.03
12.68,0.90,0.03
12.68,0.90,0.03
12.69,0.90,0.03
12.69,0.90,0.03
12.70,0.90,0.03
12.70,0.90,0.03
12.71,0.90,0.03
12.71,0.90,0.03
12.72,0.90,0.03
12.72,0.90,0.03
12.73,0.90,0.03
12.73,0.90,0.03
12.74,0.90,0.03
12.74,0.90,0.03
12.75,0.90,0.03
12.75,0.90,0.03
12.76,0.90,0.03
12.76,0.90,0.03
12.77,0.90,0.03
12.77,0.90,0.03
12.78,0.90,0.03
12.78,0.90,0.03
12.79,0.90,0.03
12.79,0.90,0.03
12.80,0.90,0.03
12.80,0.90,0.03
12.81,0.90,0.03
12.81,0.90,0.03
12.82,0.90,0.03
12.82,0.90,0.03
12.83,0.90,0.03
12.83,0.90,0.03
12.84,0.90,0.03
12.84,0.90,0.03
12.85,0.90,0.03
12.85,0.90,0.03
12.86,0.90,0.03
12.86,0.90,0.03
12.87,0.90,0.03
12.87,0.90,0.03
12.88,0.90,0.03
12.88,0.90,0.03
12.89,0.90,0.03
12.89,0.90,0.03
12.90,0.90,0.03
12.90,0.90,0.03
12.91,0.90,0.03
12.91,0.90,0.03
12.92,0.90,0.03
12.92,0.90,0.03
12.93,0.90,0.03
12.93,0.90,0.03
12.94,0.90,0.03
12.94,0.90,0.03
12.95,0.90,0.03
12.95,0.90,0.03
12.96,0.90,0.03
12.96,0.90,0.03
12.97,0.90,0.03
12.97,0.90,0.03
12.98,0.90,0.03
12.98,0.90,0.03
12.99,0.90,0.03
12.99,0.90,0.03
13.00,0.90,0.03
13.00,0.90,0.03
13.01,0.90,0.03
13.01,0.90,0.03
13.02,0.90,0.03
13.02,0.90,0.03
13.03,0.90,0.03
13.03,0.90,0.03
13.04,0.90,0.03
13.04,0.90,0.03
13.05,0.90,0.03
13.05,0.90,0.03
13.06,0.90,0.03
13.06,0.90,0.03
13.07,0.90,0.03
13.07,0.90,0.03
13.08,0.90,0.03
13.08,0.90,0.03
13.09,0.90,0.03
13.09,0.90,0.03
13.10,0.90,0.03
13.10,0.90,0.03
13.11,0.90,0.03
13.11,0.90,0.03
13.12,0.90,0.03
13.12,0.90,0.03
13.13,0.90,0.03
13.13,0.90,0.03
13.14,0.90,0.03
13.14,0.90,0.03
13.15,0.90,0.03
13.15,0.90,0.03
13.16,0.90,0.03
13.16,0.90,0.03
13.17,0.90,0.03
13.17,0.90,0.03
13.18,0.90,0.03
13.18,0.90,0.03
13.19,0.90,0.03
13.19,0.90,0.03
13.20,0.90,0.03
13.20,0.90,0.03
13.21,0.90,0.03
13.21,0.90,0.03
13.22,0.90,0.03
13.22,0.90,0.03
13.23,0.90,0.03
13.23,0.90,0.03
13.24,0.90,0.03
13.24,0.90,0.03
13.25,0.90,0.03
13.25,0.90,0.03
13.26,0.90,0.03
13.26,0.90,0.03
13.27,0.90,0.03
13.27,0.90,0.03
13.28,0.90,0.03
13.28,0.90,0.03
13.29,0.90,0.03
13.29,0.90,0.03
13.30,0.90,0.03
13.30,0.90,0.03
13.31,0.90,0.03
13.31,0.90,0.03
13.32,0.90,0.03
13.32,0.90,0.03
13.33,0.90,0.03
13.33,0.90,0.03
13.34,0.90,0.03
13.34,0.90,0.03
13.35,0.90,0.03
13.35,0.90,0.03
13.36,0.90,0.03
13.36,0.90,0.03
13.37,0.90,0.03
13.37,0.90,0.03
13.38,0.90,0.03
13.38,0.90,0.03
13.39,0.90,0.03
13.39,0.90,0.03
13.40,0.90,0.03
13.40,0.90,0.03
13.41,0.90,0.03
13.41,0.90,0.03
13.42,0.90,0.03
13.42,0.90,0.03
13.43,0.90,0.03
13.43,0.90,0.03
13.44,0.90,0.03
13.44,0.90,0.03
13.45,0.90,0.03
13.45,0.90,0.03
13.46,0.90,0.03
13.46,0.90,0.03
13.47,0.90,0.03
13.47,0.90,0.03
13.48,0.90,0.03
13.48,0.90,0.03
13.49,0.90,0.03
13.49,0.90,0.03
13.50,0.90,0.03
13.50,0.90,0.03
13.51,0.90,0.03
13.51,0.90,0.03
13.52,0.90,0.03
13.52,0.90,0.03
13.53,0.90,0.03
13.53,0.90,0.03
13.54,0.90,0.03
13.54,0.90,0.03
13.55,0.90,0.03
13.55,0.90,0.03
13.56,0.90,0.03
13.56,0.90,0.03
13.57,0.90,0.03
13.57,0.90,0.03
13.58,0.90,0.03
13.58,0.90,0.03
13.59,0.90,0.03
13.59,0.90,0.03
13.60,0.90,0.03
13.60,0.90,0.03
13.61,0.90,0.03
13.61,0.90,0.03
13.62,0.90,0.03
13.62,0.90,0.03
13.63,0.90,0.03
13.63,0.90,0.03
13.64,0.90,0.03
13.64,0.90,0.03
13.65,0.90,0.03
13.65,0.90,0.03
13.66,0.90,0.03
13.66,0.90,0.03
13.67,0.90,0.03
13.67,0.90,0.03
13.68,0.90,0.03
13.68,0.90,0.03
13.69,0.90,0.03
13.69,0.90,0.03
13.70,0.90,0.03
13.70,0.90,0.03
13.71,0.90,0.03
13.71,0.90,0.03
13.72,0.90,0.03
13.72,0.90,0.03
13.73,0.90,0.03
13.73,0.90,0.03
13.74,0.90,0.03
13.74,0.90,0.03
13.75,0.90,0.03
13.75,0.90,0.03
13.76,0.90,0.03
13.76,0.90,0.03
13.77,0.90,0.03
13.77,0.90,0.03
13.78,0.90,0.03
13.78,0.90,0.03
13.79,0.90,0.03
13.79,0.90,0.03
13.80,0.90,0.03
13.80,0.90,0.03
13.81,0.90,0.03
13.81,0.90,0.03
13.82,0.90,0.03
13.82,0.90,0.03
13.83,0.90,0.03
13.83,0.90,0.03
13.84,0.90,0.03
13.84,0.90,0.03
13.85,0.90,0.03
13.85,0.90,0.03
13.86,0.90,0.03
13.86,0.90,0.03
13.87,0.90,0.03
13.87,0.90,0.03
13.88,0.90,0.03
13.88,0.90,0.03
13.89,0.90,0.03
13.89,0.90,0.03
13.90,0.90,0.03
13.90,0.90,0.03
13.91,0.90,0.03
13.91,0.90,0.03
13.92,0.90,0.03
13.92,0.90,0.03
13.93,0.90,0.03
13.93,0.90,0.03
13.94,0.90,0.03
13.94,0.90,0.03
13.95,0.90,0.03
13.95,0.90,0.03
13.96,0.90,0.03
13.96,0.90,0.03
13.97,0.90,0.03
13.97,0.90,0.03
13.98,0.90,0.03
13.98,0.90,0.03
13.99,0.90,0.03
13.99,0.90,0.03
14.00,0.90,0.03
14.00,0.90,0.03
14.01,0.90,0.03
14.01,0.90,0.03
14.02,0.90,0.03
14.02,0.90,0.03
14.03,0.90,0.03
14.03,0.90,0.03
14.04,0.90,0.03
14.04,0.90,0.03
14.05,0.90,0.03
14.05,0.90,0.03
14.06,0.90,0.03
14.06,0.90,0.03
14.07,0.90,0.03
14.07,0.90,0.03
14.08,0.90,0.03
14.08,0.90,0.03
14.09,0.90,0.03
14.09,0.90,0.03
14.10,0.90,0.03
14.10,0.90,0.03
14.11,0.90,0.03
14.11,0.90,0.03
14.12,0.90,0.03
14.12,0.90,0.03
14.13,0.90,0.03
14.13,0.90,0.03
14.14,0.90,0.03
14.14,0.90,0.03
14.15,0.90,0.03
14.15,0.90,0.03
14.16,0.90,0.03
14.16,0.90,0.03
14.17,0.90,0.03
14.17,0.90,0.03
14.18,0.90,0.03
14.18,0.90,0.03
14.19,0.90,0.03
14.19,0.90,0.03
14.20,0.90,0.03
14.20,0.90,0.03
14.21,0.90,0.03
14.21,0.90,0.03
14.22,0.90,0.03
14.22,0.90,0.03
14.23,0.90,0.03
14.23,0.90,0.03
14.24,0.90,0.03
14.24,0.90,0.03
14.25,0.90,0.03
14.25,0.90,0.03
14.26,0.90,0.03
14.26,0.90,0.03
14.27,0.90,0.03
14.27,0.90,0.03
14.28,0.90,0.03
14.28,0.90,0.03
14.29,0.90,0.03
14.29,0.90,0.03
14.30,0.90,0.03
14.30,0.90,0.03
14.31,0.90,0.03
14.31,0.90,0.03
14.32,0.90,0.03
14.32,0.90,0.03
14.33,0.90,0.03
14.33,0.90,0.03
14.34,0.90,0.03
14.34,0.90,0.03
14.35,0.90,0.03
14.35,0.90,0.03
14.36,0.90,0.03
14.36,0.90,0.03
14.37,0.90,0.03
14.37,0.90,0.03
14.38,0.90,0.03
14.38,0.90,0.03
14.39,0.90,0.03
14.39,0.90,0.03
14.40,0.90,0.03
14.40,0.90,0.03
14.41,0.90,0.03
14.41,0.90,0.03
14.42,0.90,0.03
14.42,0.90,0.03
14.43,0.90,0.03
14.43,0.90,0.03
14.44,0.90,0.03
14.44,0.90,0.03
14.45,0.90,0.03
14.45,0.90,0.03
14.46,0.90,0.03
14.46,0.90,0.03
14.47,0.90,0.03
14.47,0.90,0.03
14.48,0.90,0.03
14.48,0.90,0.03
14.49,0.90,0.03
14.49,0.90,0.03
14.50,0.90,0.03
14.50,0.90,0.03
14.51,0.90,0.03
14.51,0.90,0.03
14.52,0.90,0.03
14.52,0.90,0.03
14.53,0.90,0.03
14.53,0.90,0.03
14.54,0.90,0.03
14.54,0.90,0.03
14.55,0.90,0.03
14.55,0.90,0.03
14.56,0.90,0.03
14.56,0.90,0.03
14.57,0.90,0.03
14.57,0.90,0.03
14.58,0.90,0.03
14.58,0.90,0.03
14.59,0.90,0.03
14.59,0.90,0.03
14.60,0.90,0.03
14.60,0.90,0.03
14.61,0.90,0.03
14.61,0.90,0.03
14.62,0.90,0.03
14.62,0.90,0.03
14.63,0.90,0.03
14.63,0.90,0.03
14.64,0.90,0.03
14.64,0.90,0.03
14.65,0.90,0.03
14.65,0.90,0.03
14.66,0.90,0.03
14.66,0.90,0.03
14.67,0.90,0.03
14.67,0.90,0.03
14.68,0.90,0.03
14.68,0.90,0.03
14.69,0.90,0.03
14.69,0.90,0.03
14.70,0.90,0.03
14.70,0.90,0.03
14.71,0.90,0.03
14.71,0.90,0.03
14.72,0.90,0.03
14.72,0.90,0.03
14.73,0.90,0.03
14.73,0.90,0.03
14.74,0.90,0.03
14.74,0.90,0.03
14.75,0.90,0.03
14.75,0.90,0.03
14.76,0.90,0.03
14.76,0.90,0.03
14.77,0.90,0.03
14.77,0.90,0.03
14.78,0.90,0.03
14.78,0.90,0.03
14.79,0.90,0.03
14.79,0.90,0.03
14.80,0.90,0.03
14.80,0.90,0.03
14.81,0.90,0.03
14.81,0.90,0.03
14.82,0.90,0.03
14.82,0.90,0.03
14.83,0.90,0.03
14.83,0.90,0.03
14.84,0.90,0.03
14.84,0.90,0.03
14.85,0.90,0.03
14.85,0.90,0.03
14.86,0.90,0.03
14.86,0.90,0.03
14.87,0.90,0.03
14.87,0.90,0.03
14.88,0.90,0.03
14.88,0.90,0.03
14.89,0.90,0.03
14.89,0.90,0.03
14.90,0.90,0.03
14.90,0.90,0.03
14.91,0.90,0.03
14.91,0.90,0.03
14.92,0.90,0.03
14.92,0.90,0.03
14.93,0.90,0.03
14.93,0.90,0.03
14.94,0.90,0.03
14.94,0.90,0.03
14.95,0.90,0.03
14.95,0.90,0.03
14.96,0.90,0.03
14.96,0.90,0.03
14.97,0.90,0.03
14.97,0.90,0.03
14.98,0.90,0.03
14.98,0.90,0.03
14.99,0.90,0.03
14.99,0.90,0.03
15.00,0.90,0.03
15.00,0.90,0.03
15.01,0.90,0.03
15.01,0.90,0.03
15.02,0.90,0.03
15.02,0.90,0.03
15.03,0.90,0.03
15.03,0.90,0.03
15.04,0.90,0.03
15.04,0.90,0.03
15.05,0.90,0.03
15.05,0.90,0.03
15.06,0.90,0.03
15.06,0.90,0.03
15.07,0.90,0.03
15.07,0.90,0.03
15.08,0.90,0.03
15.08,0.90,0.03
15.09,0.90,0.03
15.09,0.90,0.03
15.10,0.90,0.03
15.10,0.90,0.03
15.11,0.90,0.03
15.11,0.90,0.03
15.12,0.90,0.03
15.12,0.90,0.03
15.13,0.90,0.03
15.13,0.90,0.03
15.14,0.90,0.03
15.14,0.90,0.03
15.15,0.90,0.03
15.15,0.90,0.03
15.16,0.90,0.03
15.16,0.90,0.03
15.17,0.90,0.03
15.17,0.90,0.03
15.18,0.90,0.03
15.18,0.90,0.03
15.19,0.90,0.03
15.19,0.90,0.03
15.20,0.90,0.03
15.20,0.90,0.03
15.21,0.90,0.03
15.21,0.90,0.03
15.22,0.90,0.03
15.22,0.90,0.03
15.23,0.90,0.03
15.23,0.90,0.03
15.24,0.90,0.03
15.24,0.90,0.03
15.25,0.90,0.03
15.25,0.90,0.03
15.26,0.90,0.03
15.26,0.90,0.03
15.27,0.90,0.03
15.27,0.90,0.03
15.28,0.90,0.03
15.28,0.90,0.03
15.29,0.90,0.03
15.29,0.90,0.03
15.30,0.90,0.03
15.30,0.90,0.03
15.31,0.90,0.03
15.31,0.90,0.03
15.32,0.90,0.03
15.32,0.90,0.03
15.33,0.90,0.03
15.33,0.90,0.03
15.34,0.90,0.03
15.34,0.90,0.03
15.35,0.90,0.03
15.35,0.90,0.03
15.36,0.90,0.03
15.36,0.90,0.03
15.37,0.90,0.03
15.37,0.90,0.03
15.38,0.90,0.03
15.38,0.90,0.03
15.39,0.90,0.03
15.39,0.90,0.03
15.40,0.90,0.03
15.40,0.90,0.03
15.41,0.90,0.03
15.41,0.90,0.03
15.42,0.90,0.03
15.42,0.90,0.03
15.43,0.90,0.03
15.43,0.90,0.03
15.44,0.90,0.03
15.44,0.90,0.03
15.45,0.90,0.03
15.45,0.90,0.03
15.46,0.90,0.03
15.46,0.90,0.03
15.47,0.90,0.03
15.47,0.90,0.03
15.48,0.90,0.03
15.48,0.90,0.03
15.49,0.90,0.03
15.49,0.90,0.03
15.50,0.90,0.03
15.50,0.90,0.03
15.51,0.90,0.03
15.51,0.90,0.03
15.52,0.90,0.03
15.52,0.90,0.03
15.53,0.90,0.03
15.53,0.90,0.03
15.54,0.90,0.03
15.54,0.90,0.03
15.55,0.90,0.03
15.55,0.90,0.03
15.56,0.90,0.03
15.56,0.90,0.03
15.57,0.90,0.03
15.57,0.90,0.03
15.58,0.90,0.03
15.58,0.90,0.03
15.59,0.90,0.03
15.59,0.90,0.03
15.60,0.90,0.03
15.60,0.90,0.03
15.61,0.90,0.03
15.61,0.90,0.03
15.62,0.90,0.03
15.62,0.90,0.03
15.63,0.90,0.03
15.63,0.90,0.03
15.64,0.90,0.03
15.64,0.90,0.03
15.65,0.90,0.03
15.65,0.90,0.03
15.66,0.90,0.03
15.66,0.90,0.03
15.67,0.90,0.03
15.67,0.90,0.03
15.68,0.90,0.03
15.68,0.90,0.03
15.69,0.90,0.03
15.69,0.90,0.03
15.70,0.90,0.03
15.70,0.90,0.03
15.71,0.90,0.03
15.71,0.90,0.03
15.72,0.90,0.03
15.72,0.90,0.03
15.73,0.90,0.03
15.73,0.90,0.03
15.74,0.90,0.03
15.74,0.90,0.03
15.75,0.90,0.03
15.75,0.90,0.03
15.76,0.90,0.03
15.76,0.90,0.03
15.77,0.90,0.03
15.77,0.90,0.03
15.78,0.90,0.03
15.78,0.90,0.03
15.79,0.90,0.03
15.79,0.90,0.03
15.80,0.90,0.03
15.80,0.90,0.03
15.81,0.90,0.03
15.81,0.90,0.03
15.82,0.90,0.03
15.82,0.90,0.03
15.83,0.90,0.03
15.83,0.90,0.03
15.84,0.90,0.03
15.84,0.90,0.03
15.85,0.90,0.03
15.85,0.90,0.03
15.86,0.90,0.03
15.86,0.90,0.03
15.87,0.90,0.03
15.87,0.90,0.03
15.88,0.90,0.03
15.88,0.90,0.03
15.89,0.90,0.03
15.89,0.90,0.03
15.90,0.90,0.03
15.90,0.90,0.03
15.91,0.90,0.03
15.91,0.90,0.03
15.92,0.90,0.03
15.92,0.90,0.03
15.93,0.90,0.03
15.93,0.90,0.03
15.94,0.90,0.03
15.94,0.90,0.03
15.95,0.90,0.03
15.95,0.90,0.03
15.96,0.90,0.03
15.96,0.90,0.03
15.97,0.90,0.03
15.97,0.90,0.03
15.98,0.90,0.03
15.98,0.90,0.03
15.99,0.90,0.03
15.99,0.90,0.03
16.00,0.90,0.03
16.00,0.90,0.03
16.01,0.90,0.03
16.01,0.90,0.03
16.02,0.90,0.03
16.02,0.90,0.03
16.03,0.90,0.03
16.03,0.90,0.03
16.04,0.90,0.03
16.04,0.90,0.03
16.05,0.90,0.03
16.05,0.90,0.03
16.06,0.90,0.03
16.06,0.90,0.03
16.07,0.90,0.03
16.07,0.90,0.03
16.08,0.90,0.03
16.08,0.90,0.03
16.09,0.90,0.03
16.09,0.90,0.03
16.10,0.90,0.03
16.10,0.90,0.03
16.11,0.90,0.03
16.11,0.90,0.03
16.12,0.90,0.03
16.12,0.90,0.03
16.13,0.90,0.03
16.13,0.90,0.03
16.14,0.90,0.03
16.14,0.90,0.03
16.15,0.90,0.03
16.15,0.90,0.03
16.16,0.90,0.03
16.16,0.90,0.03
16.17,0.90,0.03
16.17,0.90,0.03
16.18,0.90,0.03
16.18,0.90,0.03
16.19,0.90,0.03
16.19,0.90,0.03
16.20,0.90,0.03
16.20,0.90,0.03
16.21,0.90,0.03
16.21,0.90,0.03
16.22,0.90,0.03
16.22,0.90,0.03
16.23,0.90,0.03
16.23,0.90,0.03
16.24,0.90,0.03
16.24,0.90,0.03
16.25,0.90,0.03
16.25,0.90,0.03
16.26,0.90,0.03
16.26,0.90,0.03
16.27,0.90,0.03
16.27,0.90,0.03
16.28,0.90,0.03
16.28,0.90,0.03
16.29,0.90,0.03
16.29,0.90,0.03
16.30,0.90,0.03
16.30,0.90,0.03
16.31,0.90,0.03
16.31,0.90,0.03
16.32,0.90,0.03
16.32,0.90,0.03
16.33,0.90,0.03
16.33,0.90,0.03
16.34,0.90,0.03
16.34,0.90,0.03
16.35,0.90,0.03
16.35,0.90,0.03
16.36,0.90,0.03
16.36,0.90,0.03
16.37,0.90,0.03
16.37,0.90,0.03
16.38,0.90,0.03
16.38,0.90,0.03
16.39,0.90,0.03
16.39,0.90,0.03
16.40,0.90,0.03
16.40,0.90,0.03
16.41,0.90,0.03
16.41,0.90,0.03
16.42,0.90,0.03
16.42,0.90,0.03
16.43,0.90,0.03
16.43,0.90,0.03
16.44,0.90,0.03
16.44,0.90,0.03
16.45,0.90,0.03
16.45,0.90,0.03
16.46,0.90,0.03
16.46,0.90,0.03
16.47,0.90,0.03
16.47,0.90,0.03
16.48,0.90,0.03
16.48,0.90,0.03
16.49,0.90,0.03
16.49,0.90,0.03
16.50,0.90,0.03
16.50,0.90,0.03
16.51,0.90,0.03
16.51,0.90,0.03
16.52,0.90,0.03
16.52,0.90,0.03
16.53,0.90,0.03
16.53,0.90,0.03
16.54,0.90,0.03
16.54,0.90,0.03
16.55,0.90,0.03
16.55,0.90,0.03
16.56,0.90,0.03
16.56,0.90,0.03
16.57,0.90,0.03
16.57,0.90,0.03
16.58,0.90,0.03
16.58,0.90,0.03
16.59,0.90,0.03
16.59,0.90,0.03
16.60,0.90,0.03
16.60,0.90,0.03
16.61,0.90,0.03
16.61,0.90,0.03
16.62,0.90,0.03
16.62,0.90,0.03
16.63,0.90,0.03
16.63,0.90,0.03
16.64,0.90,0.03
16.64,0.90,0.03
16.65,0.90,0.03
16.65,0.90,0.03
16.66,0.90,0.03
16.66,0.90,0.03
16.67,0.90,0.03
16.67,0.90,0.03
16.68,0.90,0.03
16.68,0.90,0.03
16.69,0.90,0.03
16.69,0.90,0.03
16.70,0.90,0.03
16.70,0.90,0.03
16.71,0.90,0.03
16.71,0.90,0.03
16.72,0.90,0.03
16.72,0.90,0.03
16.73,0.90,0.03
16.73,0.90,0.03
16.74,0.90,0.03
16.74,0.90,0.03
16.75,0.90,0.03
16.75,0.90,0.03
16.76,0.90,0.03
16.76,0.90,0.03
16.77,0.90,0.03
16.77,0.90,0.03
16.78,0.90,0.03
16.78,0.90,0.03
16.79,0.90,0.03
16.79,0.90,0.03
16.80,0.90,0.03
16.80,0.90,0.03
16.81,0.90,0.03
16.81,0.90,0.03
16.82,0.90,0.03
16.82,0.90,0.03
16.83,0.90,0.03
16.83,0.90,0.03
16.84,0.90,0.03
16.84,0.90,0.03
16.85,0.90,0.03
16.85,0.90,0.03
16.86,0.90,0.03
16.86,0.90,0.03
16.87,0.90,0.03
16.87,0.90,0.03
16.88,0.90,0.03
16.88,0.90,0.03
16.89,0.90,0.03
16.89,0.90,0.03
16.90,0.90,0.03
16.90,0.90,0.03
16.91,0.90,0.03
16.91,0.90,0.03
16.92,0.90,0.03
16.92,0.90,0.03
16.93,0.90,0.03
16.93,0.90,0.03
16.94,0.90,0.03
16.94,0.90,0.03
16.95,0.90,0.03
16.95,0.90,0.03
16.96,0.90,0.03
16.96,0.90,0.03
16.97,0.90,0.03
16.97,0.90,0.03
16.98,0.90,0.03
16.98,0.90,0.03
16.99,0.90,0.03
16.99,0.90,0.03
17.00,0.90,0.03
17.00,0.90,0.03
17.01,0.90,0.03
17.01,0.90,0.03
17.02,0.90,0.03
17.02,0.90,0.03
17.03,0.90,0.03
17.03,0.90,0.03
17.04,0.90,0.03
17.04,0.90,0.03
17.05,0.90,0.03
17.05,0.90,0.03
17.06,0.90,0.03
17.06,0.90,0.03
17.07,0.90,0.03
17.07,0.90,0.03
17.08,0.90,0.03
17.08,0.90,0.03
17.09,0.90,0.03
17.09,0.90,0.03
17.10,0.90,0.03
17.10,0.90,0.03
17.11,0.90,0.03
17.11,0.90,0.03
17.12,0.90,0.03
17.12,0.90,0.03
17.13,0.90,0.03
17.13,0.90,0.03
17.14,0.90,0.03
17.14,0.90,0.03
17.15,0.90,0.03
17.15,0.90,0.03
17.16,0.90,0.03
17.16,0.90,0.03
17.17,0.90,0.03
17.17,0.90,0.03
17.18,0.90,0.03
17.18,0.90,0.03
17.19,0.90,0.03
17.19,0.90,0.03
17.20,0.90,0.03
17.20,0.90,0.03
17.21,0.90,0.03
17.21,0.90,0.03
17.22,0.90,0.03
17.22,0.90,0.03
17.23,0.90,0.03
17.23,0.90,0.03
17.24,0.90,0.03
17.24,0.90,0.03
17.25,0.90,0.03
17.25,0.90,0.03
17.26,0.90,0.03
17.26,0.90,0.03
17.27,0.90,0.03
17.27,0.90,0.03
17.28,0.90,0.03
17.28,0.90,0.03
17.29,0.90,0.03
17.29,0.90,0.03
17.30,0.90,0.03
17.30,0.90,0.03
17.31,0.90,0.03
17.31,0.90,0.03
17.32,0.90,0.03
17.32,0.90,0.03
17.33,0.90,0.03
17.33,0.90,0.03
17.34,0.90,0.03
17.34,0.90,0.03
17.35,0.90,0.03
17.35,0.90,0.03
17.36,0.90,0.03
17.36,0.90,0.03
17.37,0.90,0.03
17.37,0.90,0.03
17.38,0.90,0.03
17.38,0.90,0.03
17.39,0.90,0.03
17.39,0.90,0.03
17.40,0.90,0.03
17.40,0.90,0.03
17.41,0.90,0.03
17.41,0.90,0.03
17.42,0.90,0.03
17.42,0.90,0.03
17.43,0.90,0.03
17.43,0.90,0.03
17.44,0.90,0.03
17.44,0.90,0.03
17.45,0.90,0.03
17.45,0.90,0.03
17.46,0.90,0.03
17.46,0.90,0.03
17.47,0.90,0.03
17.47,0.90,0.03
17.48,0.90,0.03
17.48,0.90,0.03
17.49,0.90,0.03
17.49,0.90,0.03
17.50,0.90,0.03
17.50,0.90,0.03
17.51,0.90,0.03
17.51,0.90,0.03
17.52,0.90,0.03
17.52,0.90,0.03
17.53,0.90,0.03
17.53,0.90,0.03
17.54,0.90,0.03
17.54,0.90,0.03
17.55,0.90,0.03
17.55,0.90,0.03
17.56,0.90,0.03
17.56,0.90,0.03
17.57,0.90,0.03
17.57,0.90,0.03
17.58,0.90,0.03
17.58,0.90,0.03
17.59,0.90,0.03
17.59,0.90,0.03
17.60,0.90,0.03
17.60,0.90,0.03
17.61,0.90,0.03
17.61,0.90,0.03
17.62,0.90,0.03
17.62,0.90,0.03
17.63,0.90,0.03
17.63,0.90,0.03
17.64,0.90,0.03
17.64,0.90,0.03
17.65,0.90,0.03
17.65,0.90,0.03
17.66,0.90,0.03
17.66,0.90,0.03
17.67,0.90,0.03
17.67,0.90,0.03
17.68,0.90,0.03
17.68,0.90,0.03
17.69,0.90,0.03
17.69,0.90,0.03
17.70,0.90,0.03
17.70,0.90,0.03
17.71,0.90,0.03
17.71,0.90,0.03
17.72,0.90,0.03
17.72,0.90,0.03
17.73,0.90,0.03
17.73,0.90,0.03
17.74,0.90,0.03
17.74,0.90,0.03
17.75,0.90,0.03
17.75,0.90,0.03
17.76,0.90,0.03
17.76,0.90,0.03
17.77,0.90,0.03
17.77,0.90,0.03
17.78,0.90,0.03
17.78,0.90,0.03
17.79,0.90,0.03
17.79,0.90,0.03
17.80,0.90,0.03
17.80,0.90,0.03
17.81,0.90,0.03
17.81,0.90,0.03
17.82,0.90,0.03
17.82,0.90,0.03
17.83,0.90,0.03
17.83,0.90,0.03
17.84,0.90,0.03
17.84,0.90,0.03
17.85,0.90,0.03
17.85,0.90,0.03
17.86,0.90,0.03
17.86,0.90,0.03
17.87,0.90,0.03
17.87,0.90,0.03
17.88,0.90,0.03
17.88,0.90,0.03
17.89,0.90,0.03
17.89,0.90,0.03
17.90,0.90,0.03
17.90,0.90,0.03
17.91,0.90,0.03
17.91,0.90,0.03
17.92,0.90,0.03
17.92,0.90,0.03
17.93,0.90,0.03
17.93,0.90,0.03
17.94,0.90,0.03
17.94,0.90,0.03
17.95,0.90,0.03
17.95,0.90,0.03
17.96,0.90,0.03
17.96,0.90,0.03
17.97,0.90,0.03
17.97,0.90,0.03
17.98,0.90,0.03
17.98,0.90,0.03
17.99,0.90,0.03
17.99,0.90,0.03
18.00,0.90,0.03
18.00,0.90,0.03
18.01,0.90,0.03
18.01,0.90,0.03
18.02,0.90,0.03
18.02,0.90,0.03
18.03,0.90,0.03
18.03,0.90,0.03
18.04,0.90,0.03
18.04,0.90,0.03
18.05,0.90,0.03
18.05,0.90,0.03
18.06,0.90,0.03
18.06,0.90,0.03
18.07,0.90,0.03
18.07,0.90,0.03
18.08,0.90,0.03
18.08,0.90,0.03
18.09,0.90,0.03
18.09,0.90,0.03
18.10,0.90,0.03
18.10,0.90,0.03
18.11,0.90,0.03
18.11,0.90,0.03
18.12,0.90,0.03
18.12,0.90,0.03
18.13,0.90,0.03
18.13,0.90,0.03
18.14,0.90,0.03
18.14,0.90,0.03
18.15,0.90,0.03
18.15,0.90,0.03
18.16,0.90,0.03
18.16,0.90,0.03
18.17,0.90,0.03
18.17,0.90,0.03
18.18,0.90,0.03
18.18,0.90,0.03
18.19,0.90,0.03
18.19,0.90,0.03
18.20,0.90,0.03
18.20,0.90,0.03
18.21,0.90,0.03
18.21,0.90,0.03
18.22,0.90,0.03
18.22,0.90,0.03
18.23,0.90,0.03
18.23,0.90,0.03
18.24,0.90,0.03
18.24,0.90,0.03
18.25,0.90,0.03
18.25,0.90,0.03
18.26,0.90,0.03
18.26,0.90,0.03
18.27,0.90,0.03
18.27,0.90,0.03
18.28,0.90,0.03
18.28,0.90,0.03
18.29,0.90,0.03
18.29,0.90,0.03
18.30,0.90,0.03
18.30,0.90,0.03
18.31,0.90,0.03
18.31,0.90,0.03
18.32,0.90,0.03
18.32,0.90,0.03
18.33,0.90,0.03
18.33,0.90,0.03
18.34,0.90,0.03
18.34,0.90,0.03
18.35,0.90,0.03
18.35,0.90,0.03
18.36,0.90,0.03
18.36,0.90,0.03
18.37,0.90,0.03
18.37,0.90,0.03
18.38,0.90,0.03
18.38,0.90,0.03
18.39,0.90,0.03
18.39,0.90,0.03
18.40,0.90,0.03
18.40,0.90,0.03
18.41,0.90,0.03
18.41,0.90,0.03
18.42,0.90,0.03
18.42,0.90,0.03
18.43,0.90,0.03
18.43,0.90,0.03
18.44,0.90,0.03
18.44,0.90,0.03
18.45,0.90,0.03
18.45,0.90,0.03
18.46,0.90,0.03
18.46,0.90,0.03
18.47,0.90,0.03
18.47,0.90,0.03
18.48,0.90,0.03
18.48,0.90,0.03
18.49,0.90,0.03
18.49,0.90,0.03
18.50,0.90,0.03
18.50,0.90,0.03
18.51,0.90,0.03
18.51,0.90,0.03
18.52,0.90,0.03
18.52,0.90,0.03
18.53,0.90,0.03
18.53,0.90,0.03
18.54,0.90,0.03
18.54,0.90,0.03
18.55,0.90,0.03
18.55,0.90,0.03
18.56,0.90,0.03
18.56,0.90,0.03
18.57,0.90,0.03
18.57,0.90,0.03
18.58,0.90,0.03
18.58,0.90,0.03
18.59,0.90,0.03
18.59,0.90,0.03
18.60,0.90,0.03
18.60,0.90,0.03
18.61,0.90,0.03
18.61,0.90,0.03
18.62,0.90,0.03
18.62,0.90,0.03
18.63,0.90,0.03
18.63,0.90,0.03
18.64,0.90,0.03
18.64,0.90,0.03
18.65,0.90,0.03
18.65,0.90,0.03
18.66,0.90,0.03
18.66,0.90,0.03
18.67,0.90,0.03
18.67,0.90,0.03
18.68,0.90,0.03
18.68,0.90,0.03
18.69,0.90,0.03
18.69,0.90,0.03
18.70,0.90,0.03
18.70,0.90,0.03
18.71,0.90,0.03
18.71,0.90,0.03
18.72,0.90,0.03
18.72,0.90,0.03
18.73,0.90,0.03
18.73,0.90,0.03
18.74,0.90,0.03
18.74,0.90,0.03
18.75,0.90,0.03
18.75,0.90,0.03
18.76,0.90,0.03
18.76,0.90,0.03
18.77,0.90,0.03
18.77,0.90,0.03
18.78,0.90,0.03
18.78,0.90,0.03
18.79,0.90,0.03
18.79,0.90,0.03
18.80,0.90,0.03
18.80,0.90,0.03
18.81,0.90,0.03
18.81,0.90,0.03
18.82,0.90,0.03
18.82,0.90,0.03
18.83,0.90,0.03
18.83,0.90,0.03
18.84,0.90,0.03
18.84,0.90,0.03
18.85,0.90,0.03
18.85,0.90,0.03
18.86,0.90,0.03
18.86,0.90,0.03
18.87,0.90,0.03
18.87,0.90,0.03
18.88,0.90,0.03
18.88,0.90,0.03
18.89,0.90,0.03
18.89,0.90,0.03
18.90,0.90,0.03
18.90,0.90,0.03
18.91,0.90,0.03
18.91,0.90,0.03
18.92,0.90,0.03
18.92,0.90,0.03
18.93,0.90,0.03
18.93,0.90,0.03
18.94,0.90,0.03
18.94,0.90,0.03
18.95,0.90,0.03
18.95,0.90,0.03
18.96,0.90,0.03
18.96,0.90,0.03
18.97,0.90,0.03
18.97,0.90,0.03
18.98,0.90,0.03
18.98,0.90,0.03
18.99,0.90,0.03
18.99,0.90,0.03
19.00,0.90,0.03
19.00,0.90,0.03
19.01,0.90,0.03
19.01,0.90,0.03
19.02,0.90,0.03
19.02,0.90,0.03
19.03,0.90,0.03
19.03,0.90,0.03
19.04,0.90,0.03
19.04,0.90,0.03
19.05,0.90,0.03
19.05,0.90,0.03
19.06,0.90,0.03
19.06,0.90,0.03
19.07,0.90,0.03
19.07,0.90,0.03
19.08,0.90,0.03
19.08,0.90,0.03
19.09,0.90,0.03
19.09,0.90,0.03
19.10,0.90,0.03
19.10,0.90,0.03
19.11,0.90,0.03
19.11,0.90,0.03
19.12,0.90,0.03
19.12,0.90,0.03
19.13,0.90,0.03
19.13,0.90,0.03
19.14,0.90,0.03
19.14,0.90,0.03
19.15,0.90,0.03
19.15,0.90,0.03
19.16,0.90,0.03
19.16,0.90,0.03
19.17,0.90,0.03
19.17,0.90,0.03
19.18,0.90,0.03
19.18,0.90,0.03
19.19,0.90,0.03
19.19,0.90,0.03
19.20,0.90,0.03
19.20,0.90,0.03
19.21,0.90,0.03
19.21,0.90,0.03
19.22,0.90,0.03
19.22,0.90,0.03
19.23,0.90,0.03
19.23,0.90,0.03
19.24,0.90,0.03
19.24,0.90,0.03
19.25,0.90,0.03
19.25,0.90,0.03
19.26,0.90,0.03
19.26,0.90,0.03
19.27,0.90,0.03
19.27,0.90,0.03
19.28,0.90,0.03
19.28,0.90,0.03
19.29,0.90,0.03
19.29,0.90,0.03
19.30,0.90,0.03
19.30,0.90,0.03
19.31,0.90,0.03
19.31,0.90,0.03
19.32,0.90,0.03
19.32,0.90,0.03
19.33,0.90,0.03
19.33,0.90,0.03
19.34,0.90,0.03
19.34,0.90,0.03
19.35,0.90,0.03
19.35,0.90,0.03
19.36,0.90,0.03
19.36,0.90,0.03
19.37,0.90,0.03
19.37,0.90,0.03
19.38,0.90,0.03
19.38,0.90,0.03
19.39,0.90,0.03
19.39,0.90,0.03
19.40,0.90,0.03
19.40,0.90,0.03
19.41,0.90,0.03
19.41,0.90,0.03
19.42,0.90,0.03
19.42,0.90,0.03
19.43,0.90,0.03
19.43,0.90,0.03
19.44,0.90,0.03
19.44,0.90,0.03
19.45,0.90,0.03
19.45,0.90,0.03
19.46,0.90,0.03
19.46,0.90,0.03
19.47,0.90,0.03
19.47,0.90,0.03
19.48,0.90,0.03
19.48,0.90,0.03
19.49,0.90,0.03
19.49,0.90,0.03
19.50,0.90,0.03
19.50,0.90,0.03
19.51,0.90,0.03
19.51,0.90,0.03
19.52,0.90,0.03
19.52,0.90,0.03
19.53,0.90,0.03
19.53,0.90,0.03
19.54,0.90,0.03
19.54,0.90,0.03
19.55,0.90,0.03
19.55,0.90,0.03
19.56,0.90,0.03
19.56,0.90,0.03
19.57,0.90,0.03
19.57,0.90,0.03
19.58,0.90,0.03
19.58,0.90,0.03
19.59,0.90,0.03
19.59,0.90,0.03
19.60,0.90,0.03
19.60,0.90,0.03
19.61,0.90,0.03
19.61,0.90,0.03
19.62,0.90,0.03
19.62,0.90,0.03
19.63,0.90,0.03
19.63,0.90,0.03
19.64,0.90,0.03
19.64,0.90,0.03
19.65,0.90,0.03
19.65,0.90,0.03
19.66,0.90,0.03
19.66,0.90,0.03
19.67,0.90,0.03
19.67,0.90,0.03
19.68,0.90,0.03
19.68,0.90,0.03
19.69,0.90,0.03
19.69,0.90,0.03
19.70,0.90,0.03
19.70,0.90,0.03
19.71,0.90,0.03
19.71,0.90,0.03
19.72,0.90,0.03
19.72,0.90,0.03
19.73,0.90,0.03
19.73,0.90,0.03
19.74,0.90,0.03
19.74,0.90,0.03
19.75,0.90,0.03
19.75,0.90,0.03
19.76,0.90,0.03
19.76,0.90,0.03
19.77,0.90,0.03
19.77,0.90,0.03
19.78,0.90,0.03
19.78,0.90,0.03
19.79,0.90,0.03
19.79,0.90,0.03
19.80,0.90,0.03
19.80,0.90,0.03
19.81,0.90,0.03
19.81,0.90,0.03
19.82,0.90,0.03
19.82,0.90,0.03
19.83,0.90,0.03
19.83,0.90,0.03
19.84,0.90,0.03
19.84,0.90,0.03
19.85,0.90,0.03
19.85,0.90,0.03
19.86,0.90,0.03
19.86,0.90,0.03
19.87,0.90,0.03
19.87,0.90,0.03
19.88,0.90,0.03
19.88,0.90,0.03
19.89,0.90,0.03
19.89,0.90,0.03
19.90,0.90,0.03
19.90,0.90,0.03
19.91,0.90,0.03
19.91,0.90,0.03
19.92,0.90,0.03
19.92,0.90,0.03
19.93,0.90,0.03
19.93,0.90,0.03
19.94,0.90,0.03
19.94,0.90,0.03
19.95,0.90,0.03
19.95,0.90,0.03
19.96,0.90,0.03
19.96,0.90,0.03
19.97,0.90,0.03
19.97,0.90,0.03
19.98,0.90,0.03
19.98,0.90,0.03
19.99,0.90,0.03
19.99,0.90,0.03
20.00,0.90,0.03
